price_open,price_high,price_low,price_close
732,757.99,729.01,754.9
750.76,798.7,742.5,784.19
784.19,818.99,767.62,809.4
808.24,830,790.2,828.79
828.79,948,826.07,905
905,995,876,919.24
915.8,943,785,785
785,899.84281,765,823.45
823.94,870,779.78,824.76
825.5,861.4,799.41,852.61
851.63,918.05471,849.51,896.39
895,905,826.46,844.05
844.04,859.99999,783.11,823
823.99,877.293,800,815.99
815.99,864,805.18,841.14
841.14,865,810.01,814.4
814.4,835.06427,765,797.2
797.2,844.14159,796,810
811.22,848.9,791.01,842.07
841.5,855,815,826.02
827.21,845.98999,814,824.89
824.88,834.53144,801,819.2
819.2,830.88899,801.1,811.22
810.95,835.48427,767.02,780
780,830,773.4,806.8
806.81,840,795.01,814.75
814.67,840,725,751.95
750.95,830,740.01,788
785.51,826.22571,781.99,794.21
794.26,815.23135,770.7,799.99
799.99,812.63409,791,803
803,835,802.59,813.23
813.23,835,810.23,814.99
814.94,819.8,800.5,808.5
806.99,819.78,796.83,802.87
803,815.89934,775,782.33
802.5,803.72713,752,763.99
764,775.2051,619,705.01
705.01,730,662.01,680.49
680.49,756.0998,666.21,687.37
688,748,530,687.81
688.34,720,631,675.1
677,709.93,631.58,651.99
650.04,680,595.6295,604.11
609.4,712.9,538.01,669
670.34,682.78028,628.88,655.83
655.83,670,590.01,621
621,679.05833,593.67544,633.19
633.66,652.50738,609.99,627.7
627.7,640,602.90667,623.01
623,641.3624,560.9,561.86
561.86,597.05351,530.01,581.35
583,620.9,562.15,610.88
610.77,650.27996,599.78,610.09
609.26,629,514.02,535.49
535.49,568.09339,400,535
534.34,650,530,585.24
585.24,629.9,571.22,583
584.7,599,541,551.89
551.8,605,535,567.47
567.46,588.079,553,566.24
565.38,710,562.02,677.69
677.69,720,633.64,673
673.27,690.17141,651.9,669.99
669,693,650,669.57
669.57,680.463,613.45,632.79
632.79,667.98953,604.5,620
620.02,658,613.03,639.25
638.4,684.5,609,629.39
628.02,665.93423,560,632.1
631.72,660,550.275,634.95
634.95,657.99101,620,641.01
641.02,654.91385,550,630.42
631,646,618.29313,637.12
637.58,652,629.02,634.99
634.99,641.14149,616.00101,621.11
622.97,633.989,591.13,612.26
613.84,633.663,605.11,620.062
610.01,625.01788,578.66,587.98
585.6,615.22654,556,570
569.99,596,541,565.31
564.31,596,556.74,561
558.22,592.6,547,585.99
585.9,591.14973,568.86,583.77
583.77,641.14149,565,581.49
581.48,599.27378,466.1,475
475,553,468.3,502.01
502.01,518,486.97,491.99
491.99,506.17549,436,460
460,530,438,454.83
454.81,509.98,452.04,478.98
478.98,497.1468,430,439
438.9,465,416.11,450.86
451.03,550,430.77,452.2
449.74,467.85,441.25,464.8
464.8,469.43834,450,456.43
460.67,475.32049,446,447.11
447.11,465.8242,446.24,453.57
453.57,462.09031,438.08,441.69
441.69,450.01,357.57,363.12
363.1,583.75327,339.79,423
423,450,413.72,423.42
424.91,445.97999,397.16,416.3
416.29,480.06527,408,458.5
472.77984,573.66927,450.49878,521
523.1,548,490.55578,530
529.26,533.8,481.63,500.09
500.09,515,470,483.11
482.1,525.28225,472.81,503.8
505.18,516.53,493,500
501.07,517.31024,485,496.74
497.98,510.49,484.62239,490
490,497.73461,484.61,492
491.94,505,480,502.2
502.15,503.99,438.05,466.52
466.71,472.13557,451.07,459
459.22,463.6817,429.95,430
430,455.0942,424,442.9
440.41,454.62328,432.02,448
448,453.99,433.08,448.85
449,465.88,447.97,460.97
460.97,462.99,444.51,454.5
452,454.5,431,439
439,445.40401,429.55,438.04
435.88,445,425,433
431.64,439.68974,420.27,428.01
429,452.74422,425.67,440
441.47,451.99976,437.61,437.69
439.6,459.22214,437.71,452.37
452.78,459.24,446.0967,455.39
457.7,458.2,429.6,440
437.67,445.22171,431.56,442.5
442.48,444.7599,430.61,439.12
439.12,449.96,438.36,446
444.07,452.67,440.89001,446
446.27,453.83236,444.5,447.31
447.55,453.83236,445.01,449.06
448.66,453.80005,444.52,446.91
446.91,450,441.44,448.34
448.34,500,447.14,489
489,499.1,487.11,493.98
493.98,530,492.65,529.99
529.99,548.05423,515.31152,523.77
523.75,529.99999,515.20587,528.44
528.44,589,527.09,573.9
573.5,593.48,563.67667,581.88
581.87,595,538.83992,572.7
572.7,589.16,563.45,580.66
580.66,582.1,560.05,572.37
572.37,629.4,566.15006,621
621,629.0355,603.86986,627.8
627.8,683.26,618.53,630.99
630.99,678,613.03,661.22
662,680.99,649.61,670.14
668.9,673.61,525,640.59
640.55,669.74995,639.69,661.48
661.46,662.13,647.16,647.16
647.16,659.8,635.88,657.13
657.13,661.11,646.001,658
658,659,636.50109,648.83
648.83,657.71523,642.45,648.55
648.55,652.39,615,620.5
623.81,637.06225,550,569.1
569.98,617.306,563,592
592,600,538.38,566.58
566.58,595.38177,534.2759,588.55
592,612.91177,574.17532,586.91
587,610.2,580,606.48
606.48,625,599.9,607
607.99,627.05395,590,593.4
593.41,602.794,578.508,588.02
590,598.50479,580,591.29
591.33,605.05,584.748,600.34
600.34,601,580.46,588.22
588.22,595.22794,572.1,572.62
574,579.7,554.45,560.4
560.4,583.2618,557.2,579.99
580.09,600,574,599.99
599.99,604.382,589.56,589.56
591.46,602.302,589.56,599.89
599.86,647.09,587.724,641.11
640,658.88,634.164,638.25
638.25,658.87046,638,650.5
650.49,655.08161,638.79,645.99
648.48,652.78999,616.3,629
628.81,634.607,618,630
630.9,639.48798,622.86,630.57
633.87,638.973,612.9,622.09
622.09,626.87452,614.74195,623.98
623.98,627.89636,615.35044,621.97
621.96,632.10834,607.9,616.87
616.87,635,613.46,635
634.99,642.57,628.7,638.1
637.9,653.49,625.28785,630.88
630.88,632.67046,616.84,621.17
621.15,626.25,616.09,622.9
622.9,626.16276,610.01,616.86
617.39,630.00997,610,622.2
626.3,632.96,615.17054,632.6
632.59,632.6,625,628.63
630,630,619,627
626.98,629.76875,615,622.73
622.63,624.99,618.26,618.26
619.99,623.98,610,621
620.95,623.43078,591.12,601.66
603.96,615,592.97,602.93
602.93,607.95528,590,596.23
596.23,602.83,589,590.3
592.61,599.99999,570.5,586.53
589.88,597.66468,575.0711,585.95
585.93,588.98043,557.12,563.84
563.83,591.9492,555.9,582.04
583.54,607.2,581.77,598.2
597.84,601.18073,584.95,589.59
589.6,594.80136,578.21,588.91
588.96,596.2458,579.32951,588.5
588.5,598.03405,578.25,581.76
581.75,586.36,576.44,581.16
581.16,593.00001,577.23864,585.84
585.84,595,583.91906,588.02
588.99,591.35,578.13503,587.97
589.82,597,583.24163,590.96
590.98,595.36446,571,573.98
574.55,579.99771,561.9,566.69
569.39,572,524.55,548.81
549.85,553.8341,497,507.99
507.99,530,481.55,500.25
502.48,529.85,485,521.97
523.47,539.99462,485.39,496.86
498,510,442,475.22
474.74,500.5,453.01,491.98
491.98,530,466,516.39
516.39,534.14,500.00642,519.28
519.29,529.96506,482.21557,514.65
514.65,529.95437,482.27458,497
496.96,524.87999,495.02,507.85
507.84,524.87998,490.10042,503.82
503.74,516,502.27,512.18
514.4,524.85421,510,511.87
511.87,514.98,495.08275,506
506.94,524.87551,501.25,509.3
509.3,524.76998,495.25973,500.85
501.49,509.98296,473.33,479.04
479.01,490.01,472.01,474.54
475.89,524.76939,470.42,474.5
474.5,477.99,471,474.89
474.86,497,471.04,487.43
489.61,489.96,473.03,477.65
477.65,524.77,477.16,479.78
479.99,500,474.95,475.43
477.4,524.77,456.3,468.33
468.32,476.4,459.18,473.2
473.34,492,473.32,476.57
477.78,480,465,475.9
477.43,478,462,474.62
473.08,480.13,467.43,477.98
477.99,490,473.59,475.49
475.47,479.62,465.00781,469.47
469.47,527.99987,462,462.04
463.48,465.57,443.57,452.09
452.99,503.18147,400,425
426.62,429,375.93621,395.86
395.86,466.666,385.00001,408.76
410.92,450,385.01001,399.55
400.77,425,295,400.07
399.77,452.99999,393.6,438.97
440.85,449.18,412.33637,423.68
423.57,423.9,397,408.76
410,414.35,396.53,403.57
405.08,408.99,396.57,401.77
399.16,449.99795,368.9,375.35
375.35,393.99982,365.2,374.2
374.17,397.75,370.1167,391.09
389.56,393.79,377.01,384.86
384.85,385.82,370.10001,374.68
376.29,389.97999,353.75,358.74
358.71,369.6289,322.04,326.21
326.24,339.43,273.32564,323.52
322.82,349.84513,295.89,328.59
328.56,341.70602,312.37,334.8
334.8,370,326.93,355.73
355.73,399.996,335.16179,364.01
364.01,380.08,351.1,360.89
360.85,378.99999,352.1,362
362.77,383.6,352.83413,378.11
378.48,405,368.07,392.6
392.99,418.98998,390.48,403.38
402.01,404.32,385.47712,394.52
394.52,399,370.1,383.95
384.19,386,370.96,383.65
383.2,397.29,371.00373,390.58
390.59,394.25,385,387.53
389.06,391.24176,376.2,381.21
381,393.52,371.00001,385.81
385.79,393.49234,371.37843,382.04
382.05,384.55,352.4,357.18
356.81,373.69072,344.34,358.86
358.78,363.00001,341.22,348.69
348.69,384.71905,344.5,355.18
355.19,368.15412,349.21,350
351.03,365.12521,350.09,356.96
355.71,355.99,333.33,335.7
336.37,352.83,332.99,346.14
346.14,347.96,335.5,337.99
337.99,340.15346,316.61,324.7
324.55,329,318.24,324.36
324.23,333.99,322.74,325.5
326.45,332.9,320,330.22
329.96,348.20467,328.20467,338.38
338.37,353.1,336.27,349.99
349.99,352.15,333,342.16
342.16,349.99681,330.16235,345.39
346.19,366.35,338.66092,364.77
365.37,377.77,350.04915,366.43
366.43,372.63182,360.28,370.65
370.09,434.8,369.85,426.63
426.64,453.92,380,420.93
417.85,420.3,382.95,399.98
399.97,407.22,369,376.99
376.97,395,375,389.86
389.86,415,375,387.69
388.72,395,370.39134,374.88
374.87,392.95752,371.7,379.03
379.04,389.99797,351.8,356.47
356.47,360,342.05,351.2
351.19,369.99999,350.7,353.12
354.29,373.5,353.01,367.17
367.17,389.99,366.67,375.99
375.99,395.11,374.31,377.37
377.05,389.94381,363.38,368.5
368.5,385.68775,365.01441,369.98
369.98,387,358,376.86
376,387,372.25,375.49
375.48,386.31957,373.32,377.01
376.09,386.744,370.13181,376.53
376.53,386.15427,372.90994,379.52
379.52,384.88368,371.45606,375.33
376.61,380,360,369.16
369.89,380,365.61,376
376,394.59,367.00002,374.38
375.05,389.97692,370.43133,377.26
376.03,377.26,359.01,361.3
362.74,375.91714,342.46027,352.03
352.02,357.5,345,345.21
345.22,372.12219,339.8,348.9
348.88,360,346.77149,352.24
353.33,359.99921,347.03,351.67
351.67,359.3,347.44,356.52
357.3,358.98149,342.0358,349
348.85,358.91536,327.34,329.05
329.05,355.32632,315.02003,322
321.96,365,304.99,312.67
312.65,368.11872,307.11,318.33
318.58,348.99232,316.52,331.79
331.77,334.64022,318.78,320.01
320.88,333.99,319.9,331.56
332.52,342.07621,327.49,336.92
336.9,338.55338,320.38037,323.06
323.03,323.72,316.63,319.86
319.87,332,316.64,328.27
329.31,329.31,311.63,316.47
316.48,320.04136,311.22,317.64
317.64,325,310.26,313.01
313.36,338.95292,310,311.07
311.1,321,310.69,321
321,324.99787,312.6,313.81
313.82,320,311.96,315.42
315.42,319.9338,280,282
280,297.47622,255,264
264.55,280,252.31554,274.47008
260.00001,293.66025,260.00001,281.15113
269.00001,299.99973,269.00001,299.99973
290.00001,290.00001,283.52532,283.52532
290,305,272.45,293.97
293.89,296,271.03,275.59
275.6,280.94,262.08,266.39
266.34,292,263.02003,267.42
267.1,268.15,215.0901,227
227.01,230.9919,110.2,171.41
172,236.46589,150,210.98
210.69,225.5,189,208.03
208.02,212.84,184,199.69
199.69,222,195.02,211.85
211.8,225.51,206,216.34
216.01,219.84384,201.98,210.65
211.94,228.9,205,227.16
227.75,257.73,216.59,234.08
234.08,240,215,233.64
233.42,251.36381,215,249.19
249.33,257.06,241.28478,255.31
254.67,322.72,241.43,274.8
274.76,278.51,205.00002,263.98
263.97,279.99998,225.01593,236.07
236.07,245,220,235.03
235,244.98,220.00103,228.98
228.06,239.98083,215.75,216.9
218.67,239.98261,208.48,226.93
226.93,241.98,220.89,238.47
238.38,246.93235,223.79,228.71
228.44,231,220.02,227
227.11,229,210.43,216.75
216.46,226.64,210.59,223.2
223.2,231.57664,218.44062,229
229.29,232.89,217.28,223.99
223.92,228.95643,215,221.1
220.91,222,215,220.87
220.42,223.61,205,219.55
219.57,224.61,218,223
223.21,242.36,207,237
236.93,259.98,228,256.99
256.81,267.92,227.75,235.54
235.54,250.65756,227.6674,234.7
234.21,249.98294,230.29618,244.82
244.98,247,230.30013,237.49
237.51,245.01,235.58,241
240.61,249.32,239.41,245.34
245.54,248.43,240.12031,245.99
245.72,247.48,232.48,236.5
236.83,241,232,239.49
239.63,241.91,235.51,239.87
239.87,241,235.1,238.19
238.19,239.63507,234.01,237.11
237.21,259.41692,236.16,254.42
254.42,256.97,244.00001,255.61
255.77,262,240.00576,260.24
260.29,279.99798,250.06853,276.71
276.79,289.5,264.68794,283.25
281.03,287,264.94,273.37
270.72,281.09,262.2,276.56
276.86,280,260.00005,273.23
273.23,279.48,269.89856,276.71
276.86,279.99575,270.07622,275.5
275.47,297.50744,270.12774,290.19
290.18,299.999,283.96,291
290,299.93926,285.83,296.54
296.99,298.9,289,296.05
295.87,296.43,272,283.25
284.33,289,272.63893,283.94
282.36,289.24,281.42,287.99
287.99,294.99,285.78,292.37
292.36,294.96033,281.9,282.8
282.8,287,249.02,258.54
256.59,280.86996,249,263.03
263.21,272.48632,256.03388,263.34
261.92,263.62,256.25,261.82
260,272,258.0598,269.44
268.28,273.99,259.5,267.52
265.98,268.51,241.84,246.15
245,250.99964,234.51,246.88
247.06,268.99998,244.91,249.87
249.23,252,242.87629,247.94
247.93,255.69955,247.25,253.52
252.91,254,239.96,243.69
243.6,268.99959,236.52,247.95
247.95,259.99004,238.55,244.24
245.5,249.24224,239.32,246.69
246.68,256.96,240,254.39
253.22,257.43,249.37241,254.19
254.19,256.6,249.52004,254.36
254.6,262,251.65,261.47
261.49,263,253.01101,256.85
256.84,258.7,246.51001,254.24
253.71,258.23933,243.06,246.58
244.58,249.44738,238.47,244.72
244.46,245.85,231,236.77
236.78,242.4924,230.75821,237.91
236.09,239.99999,233.42,237.55
237.57,239.99999,219.64,225.52
222.97,231.84673,210,215.8
221.05,224.52,214.05,224.35
222.83,234.70359,222.44,229.45
229.45,230.52451,220,223.62
222.6,227.49,220.32,224.02
223.35,228.99999,221.91,222.54
222.54,227.99985,221.43,224.3875
224.3,236,223.91,235.89
235.71,238.89186,229.1,233.98
234,236.54,231,235.99
235.95,237.58149,228,231.52
231.49,233.67,225.7,226.12
226.12,227.91,214.98,221.26
221.28,238.55826,217.33855,227.58
227.17,233.25156,220.46,225.16
225.18,232.00202,220.2,225.73
225.78,240,224.6,236.2
236.47,239.23,230.51,233.14
233.15,239.0898,229.87,235.94
233.83,242.97,232.31,240.83
239.73,243.99,236.07,239.75
238.22,240,229.66,235.12
236.76,239.34991,227.001,229.99
230,242.44468,227,237.99
236.92,247.06,234.801,243.2
243.22,247.6,234.131,242.59
242.59,244.99,236.13,241.57
241.59,245.49,237.99,241.3
241.3,243.4,237.54,242.03
242.04,244.14,235.06,235.97
235.97,240,232.22,237.44
237.39,240.05,235.12,237.82
237.91,239.38678,234,236.73
235.43,238.45,234.15,235.97
237.1,237.89,231.44,234.04
234.04,234.92,230.86,231.4
231.4,235.05813,231,234.54
234.55,236.74,233.75,235
235.77,244,232.92,238.99
240.41,240.83735,237.39019,239.36
239.38,242,237.53117,240.82
240.68,241.4,233.1,237.43
237.39,238.34,234,235.71
235.71,238.75,234,237.35
237.35,238.48,234.03003,237.26
237.25,237.68,234,236.89
236.9,236.99,230.55425,233.55
233.61,235.85876,227.58963,230.19
230.18,232.40159,220.65,223.56
223.5,229.49815,221.34,225.84
225.17,229.47843,222.57,225.86
225.85,228.792,222,224.57
224.57,228.2972,219.03,224.97
225.03,225.65381,223.07,225.48
225.48,226.09,221.86,223.89
223.88,230.16,222.31,229.09
229.15,232.06,226.67,229.24
229.31,230.45,226.57075,227.88
227.8,231.58709,227.25,229.03
229.14,233.15352,228.29,229.4
229.2,233.49,226.14462,233.47
231.64,235,230.94,232.09
232.08,238.5,231.34251,235.92
236.92,253.26,233.81721,250.09
251.88,259.46,243.2,247.76
247.76,253.29,240,249.27
249.36,251.05,242.14,243.7
243.75,246.99,239.93,246.13
244.65,246.98,238.05336,244.66
244.66,248.5,242.64,246
245.99,248.06,242.14,244.52
244.54,244.92,238.2,240.04
240.14,243.99919,239.18,241.98
242.08,243.99982,239.91,243
242.99,252.22,242.36,251.21
251.46,260,247.04,249.11
249.11,268.49818,248.3,256.04
257.53,273,255,262.5
263.83,265.45,253.81,259.02
258.96,262,253,254.85
254.86,272.99996,252.4,256.92
256.06,262.99948,254.05,260.64
260.64,275.25,257.11755,271.74
271.39,278.54,267.13,268.51
268.53,272.16381,264.01,265.51
266.18,276.32316,263.01,270.97
271.5,275.66538,265.92,268.92
269.77,297,268.63,285.23
286.71,299,283.05827,294.23
294.29,317.99,291.65,312.16
312.19,312.91,269,293.08
292.93,297.78,286.02,287.51
287.49,294.11,284.29,285.7
285.67,292.78,273.40259,279.38
279.38,281.38,272.31,280.58
280.14,283,274.92386,277.71
276.74,279.57307,274.31656,275.61
275.6,280.40143,273.34,278.96
278.95,281.40693,276.28,277.32
277.33,279.38271,275,277.89
277.5,279.75,275.79,277.39
277.23,291.52,275.9,289.12
289.12,292,286.5,289.7
289.68,294.49,287.41,293.19
293.88,297.44,286.43,294.21
294.22,298,287,295.76
295.74,296.58,280.00001,289.85
289.85,291.56,280.00001,288.49
288.49,293.47977,280.00001,285.19
285.2,292,276.66,281.53
281.53,289.88983,276.57,282.62
282.62,285.86,279.52,280.95
280.95,287.68162,280.11,285
285.6,287.77,280.63,281.13
282.44,286.95751,276.6,279.65
279.37,290,274.15182,279.63
280.06,283.77999,259.20268,262.02
262.02,269.76927,258,267.63
267.6,273.88,261.6,264.33
264.11,271.99,260,271.15
271.15,272.4,265.48598,267.73
267.53,268,261.6437,264.67
264.48,270,262,266.17
266.21,269.21723,260.45,262.46
261.46,270,254.01,259.2
259.2,263.12,254.63,257.31
257.56,259.93483,188.10761,221.99
221.99,245,204.39327,230.084
227.46,238.70954,226.4,235.54
235.15,238.70966,231.15,232.85
232.85,235.53,222.68,231
231,234.03,225.85,229.21
229.23,229.24,207.73,209.72
211.16,235.98998,198.02,222.38
222.38,243.3788,219.77,226.81
225.8,233,223.17,225.09
225.62,237.9801,220.29,231.55
231.55,234.97411,226.67,230.61
230.61,233.47,225.04,229
229.4,233.51,224.39,230.75
230.25,233.5,226.17,228.22
227.97,232.99117,226,229.92
229.95,231.13283,226.17,227.25
227.24,232.49,226.33,231.39
230.72,237.24,229.23,236.01
236.17,244.82,235.02,240.28
241.26,242.98,238.44,241.31
241.31,247.82,239.98,244.14
244.04,244.9708,237.01,238.75
238.35,241.65,234.78,238.52
238.55,242.11885,237.5,240.9
240.9,241.6,233.02,236.5
236.5,236.96,228,230.82
230.83,233.99,223.99,229.71
229.84,232.43,226.5,230.03
230.67,232.19999,223,229.73
228.34,236,227,233.34
233.31,235.49999,230.83,233.78
233.78,234.31,229.89,230
232.88,234,229,232.24
232.26,233.64,225,227.31
227.31,233.85819,223.1,231.28
230.08,233,228,230.26
230.26,235.99,228.89,235.27
233.88,237.62,232.35515,235.89
235.14,236.2,233,233.81
233.81,235.03,230.62,233.58
233.53,240.52,231.69,239.99
239.96,241.05,235.0046,236.89
236.78,238.75,234.67,236.2
235.87,239.86,234.58813,237.15
238.34,239.85654,235,237.77
238.31,240.62,236.3,239.92
239.06,240.28,237.6,238.6
238.6,240.98,236.1,240.84
240.93,248.38999,239.52,246.64
246.7,247.96,234.55,244
244,245.38,233,242.94
242.94,244.95,241.1,244.35
244.44,246.43,243,245.71
246.06,250,244.53,249.02
248.05,249.14,244.00006,246.39
246.43,251.5,242.82,250.99
250.98,255.93,241,253.27
253.25,256.77,250.3,254.49
254.98,268.50765,253.00001,263.43
263.09,274.81,260.8,270.07
270.04,273.5,251,261.05
265,268.23,258.86,263.66
264.28,272.95,262.67,271.14
270.3,272.85,264,268.77
268.77,280.04,263.73009,275.84
275.76,281.17,270,278.6
278.76,284.49,277.8,284.29
283.03,296,282.2,284.97
284.97,287.68,279.25,287.1
287.1,300,285.239,295.61
295.8,308.93,290.00002,304.09
305.67,320.99,296.4,316.08
312.026,336.97,311.7704,329.11
329.11,334.67,302.99,310.18
314.84,332,303.01,329.46
325.78,371.82,314,361.74
361.26,422.3,307.23,404.06
404.55,502,368.11,408
407.99,450,341,387.21
387.21,396.67,346.34009,374.47
374.41,392.82,368,383.53
384.8,390.47,352,373.83
372.86,386.96,350,377.9
378.02,382.23,322,336.8
335.02,341.75,293.32,309.91
309.95,344.99,301.56,336.49
337,343,325,336.99
336.98,356.1,325.45,333
334.67,336.46,314.6,319.28
319.29,334.1,315,332.89
332.85,350.44,329,336.49
336,338,326.00001,335.65
335.68,336.48,323.07088,326.41
326.53,327.73,310,322.04
322.39,328.94,316.33,327
326.99,327,319.03328,324.2
323.72,326.09,319,323
323.01,325,316.01323,319.7
320.96,330.84,316,328.98
328.9,370,328.53,352.57
352.56,364.8,347.84,358.19
358.2,359.63,350.27786,357.24
357.24,373.76998,353.03001,371.48
371.2,383,367.11,376.86
376.7,379,354.56,362.68
362.68,363.06,347.55,360
359.11,370.53,356.21,361.77
361.48,365.0826,355.43,363.98
363.98,390.58431,363,387.99
388.03,404.21397,375.22,387.55
388.54,399.91,381.01,395.58
395.57,418.94,386.69,417.89
416.67,425,400,416.98
418.39,420,408,415.68
415.68,454.48,415.13,452.95
452.95,469.34,403,436.87
436.08,443.83,418.36999,433.07
433.13,450,426.21,444.01
444.03,464.99,430.01,464.27
464.53,465,436.89,455.87
453.96,459.15315,445.00001,456.17
455.5,467.69074,452.27193,463.17
463.14,465.9,451.58,461.8
461.89,462,430,442.22
442.36,450,424.66,436.81
438.14,444.25,432.58,433.92
433.94,445.99,428.29,442.43
442.43,460,442.42,455.74
455.74,458.99,448,455.84
455.82,458.29,407.25,419.41
417.11,429.85,409.40689,421.76
421.78,429.9,417.01,421.46
421.94,433.9,418.55,431.82
433.89,434.99999,420,427.95
427.9,434,416.60843,430.34
430.35,437.15,427.2,433.82
435.67,437.56,430.32476,435.4
433.2,435.75,422.98,431.91
431.54,435.86,426.56,434.17
433.31,435.64,429,433.34
433.32,433.46,426.54,430.87
430.66,460.15,427.78067,459.07
459.07,465,444.51,454.44
452.02,459.87181,446.68,448.84
450.39,451.39,440.8,448.79
448.2,454.53,438,448
449.26,451.3155,431.83,434.85
440,455,424.5,432.77
432.7,437.15,427,430.03
430.04,430.91,357.3,360
360.62,392.5201,350.92,386.91
387.8,395,372,380.16
378.47,391.82,370.1,384.89
384.79,390.97,370,376.76
375.28,425.1272,369,418.54
418.89,425.78,403.21,409.59
409.42,413.99,373.86,382.55
382.93,398.72,381.05,386.4
386.37,406.93,385.36,402.16
402.16,403.04,385.5,391.4
391.4,406.69999,386.2,391.54
391.7,397.18,390.31,394.95
394.6,395.56,376,379.75
379.63,385.05,363.25,378.22
378.68,382.04,372.95,378.46
378.46,382.5,364.7,367.95
367.89,379,366.26,371.33
371.33,375,369.73,372.93
372.93,374,365,368.87
368.87,391.88,367.95,387.82
387.99,390.51,382.47764,384.5
384.44,384.98,367.70524,375.7
375.44,381.22988,371.5501,377.49
377.47,379.35,369.99,370.91
370.95,381.39723,369.12,373.2
372.76,384.75592,371.70825,379.66
378.49,383.95,361.1,378.23
378.23,383.48999,375.76,383.27
382.05,395.59,380.91001,391
391,407.34542,388.7201,405
406.62,409.71,392,398.95
398.94,408.6,390.10001,405.5
407.41,421.7991,403.01282,415.54
415.18,424.9,411.46001,421.18
421.18,422,413.1337,420.72
420.72,444.03,418.21018,434.63
434.63,448.7,422.49602,438.5
438.33,439.5,422,433.5111
437.45,440.9,414,419.1
419.1,425.6,409.07,423.94
423.87,426.75,415.79,423.51
423.51,433,417.64758,432
430.84,435.99809,428.22,433.12
433.09,436.07,421.07001,433.73
433.73,442,428.12,436.44
436.41,437.78,427.01,433.08
433.03,435.36,418.36,423.45
422.4,424.47,408.63,420.29
418.76,423.9,405.5,407.35
407.38,408.98,381.09,396.08
396.13,412.31,385.01,400.649
403.24,418.74,395,412.21
412.21,416.33,407.4,411.18
411.18,414.735,406.45,412.8
412.64,429.702,409.31,416
416,423.65,414.97,419.39
419.48,421.3,406.15,410.9
410.56,417,406.66,413.04
412.51,416.966,407.74,414.99
415.02,417.43,412.15,415.41
415.41,419.04,412.871,416.57
416.06,422.69,415.66,418.41
418.47,420.996,399.21,407.91
409.66,411.443,404.1,409.04
408.36,415.34,406.6,411.28
411.25,414.359,406.5,411.67
411.98,417.9,410.35,416.64
416.39,419,411.89,417.62
417.62,418.15,410,412.95
412.86,419.759,411,416.41
416.42,418.4,414,416.97
416.96,429.999,415.77,425.3
425.29,426.39,419.63,423
422.87,428.109,405,416.39
416.4,416.41,407.56,413.74
412.97,419.988,411.4,414.66
416.03,419.039,413.42,416.31
416.31,423.17,416.01,419
419.95,421.66,416.1,419.11
418.51,421.6,416,418.75
419.48,424.97,418.01,422.71
422.4,424.611,420,421.46
421.36,424.39,418.09,420
421.99,425.96,415.71,417.75
417.75,420.75,412,418.24
418.59,423.99,416.96,420.04
420.4,424.5,418,422.69
423.95,430.358,421,425.54
427.91,429.44,422,423.93
423.6,428,420.57,426.3
426.4,431.1,423.07,429.45
430.82,434.89,427.12,430.69
433.69,434.93,424.24,431
426.77,434.46,425.8,427.42
430.9,438.2,426.24,435.63
437.06,444.07,433.11,440.965
442.84,453.8,440,451
452.25,452.95,442.7,448.41
448.57,455.84,443.216,455.69
455.68,470.02,445.4,464.46
464.47,472.38,452.5,461.882
466.17,472.11,462.085,470.59
470.3,470.79,440.94,445.31
445.39,452.005,434.79,449.14
451.63,459.44,445.62,456.53
458.85,459.33,446.44,454.02
454.02,457.07,446.84,456.98
456.99,457.63,438.59,446.43
446.54,453.29,440.78,452.22
451.52,453.23,444.15,446.63
448.58,451.56,445.11,448.5
449.99,463.97,447.03,462.31
462.31,464,455.95,461.87
458.97,465,455.948,462.79
462.6,465.9,455.62,461.99
464.15,465,447.38,451.62
450.88,458.65,450.32,454.37
452.95,456.57,448.88,455.2
456.48,458.03,452.04,456.281
457.97,459.83,453.51,455.57
458.9,463.62,454.14,457.56
461.48,461.59,450.167,455.66
455.64,457.49,451,453.08
454.19,457.88,452,455.56
455.56,456.41,429,438.38
437.91,445.85,427.061,445.65
442.84,446.99,431.012,446.28
446.27,446.45,433.34,438.8
442.45,446.3,435.55,445.67
445.56,448.5,440.5,446.99
446.98,452.42,443.02,451.49
451.45,454.99,445.19,454.97
452.07,478.16,452.07,472.05
471.21,545,450.55,523.25
523.35,549.99,470,525.22
525.22,541,510.01,532.55
532.56,548.5,510.965,531.34
531.25,542.87,485.895,534.84
536.95,541.2,529.13,537.87
538.06,578.37,535.74,571.25
571.09,594.64,558.54,573.8
576.31,585,566,575.17
575.17,588.15,573.353,586.77
586.75,594.44,497.01,577.54
579.72,584.25,571.709,581.98
583.19,583.48,571.596,577.46
577.47,581.8,572,580.31
580.31,611,575.93,610
609.5,687.71,603,677.86
677.45,725,655.02,703.369
706.02,706.45,647.264,684.95
685.25,699.3,671.578,696
698.76,777.68,689.8,766.62
769.71,778.7,702,749.67
752,785.15,723.02,754.83
759,771.92,740.11,768.76
768.94,768.94,702.42,703.12
706.47,735,625,667.66
667.88,679.99,568.11,604.5
606.13,637.89,1.5,631.1
631.1,762.24,620.82,661.71
669.98,703.335,639.4,673.71
673.71,676.205,608.64,630.16
638.56,664.076,618.03,657.5
657.86,665.51,635.5,649.322
644.33,648.43,615.854,634.11
639.41,675,628.06,667.95
666.33,691.204,659.71,678.19
678.09,705.21,672.74,702.48
705.25,705.25,644.65,658.27
664.09,684.73,640.1,681.98
681.98,683.078,659.566,669.87
669.75,681.99,662.13,678.79
678.79,683.44,605.5,638.19
641.97,671.933,634.04,663
663,671.932,608,652
647.78,657.61,636.8,652.44
648.77,664.27,639.31,650.97
651.25,678,646.05,666.56
665.41,671.45,651.03,655.11
655.3,665.916,640,659.1
661.4,670.01,658.41,665.15
667.48,669.99,655,666.32
666.3,685,661.35,680
680,686,666.12,675.5
675.51,676.87,666,673.98
673.98,676.148,660,666.92
667.15,669.459,658.891,667.28
667.27,669.94,644.545,654.67
654.7,662.35,645.939,657.5
657.68,668.438,651.98,661
660.92,664.675,651.736,657.79
657.99,659.1,642.5,654.06
654.06,663.942,646.31,656.979
657,661.1,651.696,657.4
657.4,659.569,651,654.61
654.88,658.98,651.9,655.87
655.95,657,614.97,622.57
626.97,630,599,604.37
606.84,613.38,465.28,540
540,576,515.271,573.36
573.35,599.95,552,587.5
587.5,592.87,562,572.5
583,597.998,562.56,591.71
591.7,607.508,570.11,592.47
595.14,597.348,583.58,591.48
591.58,594.04,579.43,586.45
586.75,603.144,580.01,591
594.94,599.99,585.22,587.91
587.9,592.187,580.47,587.74
587.68,590.79,581.101,583.52
586.45,586.49,556.24,574.99
574.97,575,554.9,565.55
567.85,587.803,563,574.99
579.02,581.99,566.02,574.45
570.91,579.36,568.79,574.09
574.05,577.987,552.3,572.91
573.68,584,568.52,581.87
581.72,586.12,576.01,577.55
581.34,592.132,572.5,585.2
585.19,588.99,576,582.39
582.39,587.713,575.29,578.47
578.68,582.247,569.89,575.71
575.57,582.46,572.994,579.29
579.29,579.705,564.271,570.84
570.83,580.965,566.8,575.41
575.41,582.01,568.6,573.21
573.21,581.7,568.55,574.95
574.95,578.83,568.4,572.89
572.89,575,566.86,573.02
572.94,577.97,565.556,576.21
576.41,605.325,569.01,600.91
600.93,617.13,590.88,611.92
611.94,612.299,592.46,603.48
605.93,613.999,601,612.99
613.318,618.53,604.7,615.21
615.22,635.62,611.66,625.67
627.97,630.075,612.93,622.07
622.07,629.241,618.67,623.74
623.58,634.77,591.8,607.94
607.94,613.541,602,611.107
606.86,616.999,603.28,608.63
608.39,616.845,605.98,608.43
612.5,615.8,602.3,609.962
605.43,613,603.15,607.93
607.95,610.084,601.1,607.92
607.92,614.509,601.97,611.4
611.4,614.59,603,608.6
608.6,612,600.94,605.6
600.85,605.6,592.002,597
597,600.758,592.5,596.21
595.99,604.557,593,602.96
602.96,607.632,597.76,603.68
603.69,605.99,596,601.67
601.67,608.98,596.1,607.08
607.04,609.109,600.02,604.26
605.71,607.589,601.41,605.04
604.96,609.304,601,605.99
605.59,612.5,603.15,608.23
608.99,617.299,608.23,615.65
615.65,615.98,605,612.4
612.42,615.24,606.6,612.99
612.99,613.598,604.99,610.34
610.33,616.091,605.76,613.16
613.16,615.967,607.09,611.88
611.78,623,607.52,617.98
618.11,623.102,612.5,619.5
619.46,620.79,610,617.42
617.43,619.9,612.12,618.72
618.72,647.03,614.56,642.12
642.3,643.58,628.76,635.79
635.9,639.975,630,635.66
635.8,643,624.08,638.03
638.03,647,635.25,638.16
638.16,645.06,635.18,641.92
642.1,643.549,632.1,639.56
639.56,641.1,631.52,635.11
635.12,639.636,623.734,627.98
629.79,633.416,625,628.05
628.05,638,627.5,630.83
630.67,669.86,627,652.75
653.03,669,645.33,651.04
651.05,657.88,640,649.98
649.03,664,643,655.889
655.889,679,651.69,674
674,692.41,665.59,691.21
691.01,691.784,677.05,689.95
685.91,725.64,684.89,714.28
711.1,714.98,688,697.41
697.39,709.68,681.01,696.9
697.07,739.488,695.38,730.7
730.7,747.07,717.32,747.07
742,750.5,670.32,690
690,709.998,681,706.32
702.95,714.471,694.71,706.99
706.46,721.458,697.92,709.93
717.04,717.32,698.26,706.42
706.41,718.3,701.02,711.15
711.3,747.26,705.45,720.97
721,724.696,705.84,712.91
713,720.94,712.002,716.39
716.56,719.1,701,704.53
704.63,706.794,683.23,704.01
704.01,709,695.07,708.32
708.4,717,673.85,711.06
711.92,744.8,708.44,739.71
738.07,760.814,729.01,739.1
729.61,754,728.89,748.54
748.55,763.11,735,750.77
750.77,757,713,731.99
731.72,741,727.03,736.4
736.39,752.614,726.38,749.22
746.66,750,729.92,741.52
741.51,745.11,727,738.44
737.99,743,728,739.74
739.51,743.3,722.3,729.91
735.69,739,722.44,727.32
729.24,736.44,724.1,729.77
734.173,735.555,721,732.37
732.44,745,727,742.69
742.51,754.98,740.18,751.54
751.55,781.976,750.77,773.499
769.78,773.509,752.41,760.75
766.86,772.57,752.41,762
767.94,770,743,752.079
752.079,761.58,747.99,759.8
759.93,770,750.26,764.34
764.34,779.499,761.71,767.89
767.9,774.999,765.97,773.22
773.15,778.555,768.11,775.87
776.05,776.08,762.02,771.05
771.05,783.263,768.702,778.94
779.26,793.27,765.1,775.35
776.65,783.086,770.74,777.66
777.66,781.498,771,776.16
776.16,785.979,771.24,785.41
780.85,795,779.5,788.57
788.98,794.44,780,794.211
790.71,794.99,787.01,790.81
791,806.099,787.1,798.65
798.98,834.97,796.474,830
834.15,877.994,826.02,860
856.45,922.93,855.45,918.19
917.28,923.869,878.89,891.5
891.59,900.344,851.11,896.12
895.94,917.53,888,902.09
902.08,943.36,891,930.34
925.28,983.46,923.95,982.17
982.25,988.88,950,974.32
970.51,974.32,920.017,960.81
961.52,973.37,940.013,973.37
973.37,1010,960.53,992.95
992.96,1034.931,990.01,1011.45
1011.52,1039.838,999.99,1020.67
1020.69,1150,997.23,1130.3
1114.38,1175,879.01,1007
1007,1059.196,868.384,895.71
894.02,912.668,802.07,906.2
908.99,953.8,881.3,923.33
922.04,923.58,875,896.23
902.66,916.687,889.41,905.05
907.66,924.59,755,799.97
795.79,840,734.64,807.794
812.25,839,775,825.86
831.42,847.52,810,828
819.52,835,808,821.86
833.43,840.6,818.09,834.41
831.76,920,827,906
905.95,917,850,887.7
887.98,910,878.89,901.01
902.23,907.104,880,895.8
894.97,930,891.28,925.298
925.06,946.25,886.76,923.76
929.45,931.33,910.63,910.7
913.15,930,880,885.47
885.71,904.01,884.5,896.01
893.25,921.95,892.86,914.926
917.02,925,908.01,922.63
922.98,925.5,913.08,924.98
918.6,927.47,910.45,916.54
913.12,925,910,919.99
919.99,974.969,917.5,963.99
968.166,992.75,962,992.5
992.88,1013.991,973.12,1008.38
1009.15,1037.519,981.761,1018
1015.06,1046.501,1001.796,1033.18
1034.13,1036.3,1003.02,1016.27
1010.03,1031.94,1005.1,1022.58
1024,1058.26,1021.3,1052.48
1053.96,1070,1016.49,1056.7
1057.22,1079.91,913.73,994.24
987.431,1010.68,948.208,1001.98
995.49,1023.89,987.62,1018.65
1018.63,1018.88,991.98,1000.73
1009.99,1021.5,975.1,1002.82
1000.74,1025,987.97,1013.92
1013.92,1020,1000.97,1014.53
1011.53,1047.43,1010.75,1032.7
1038.95,1064.99,1031.98,1055.46
1055.75,1073.8,1046.14,1062.15
1062.14,1067.78,1039.07,1055.61
1055.588,1095,1044.39,1089.82
1084,1132.95,1077,1128.29
1129.67,1143,1098.16,1128.71
1130.02,1197,1120.73,1186.9
1183.53,1221.93,1056.658,1186.91
1186.91,1189.49,1110,1158
1157.98,1187.33,1130,1184.91
1180.96,1198.99,1161.98,1195.81
1195.85,1214.94,1175.808,1191.21
1191.16,1231,1085.71,1230
1230,1298.61,1212.421,1269.17
1269.17,1298,1235.278,1292.86
1293.06,1294.48,1226.41,1273.97
1273.94,1278.99,1237.775,1273
1269.98,1288,1251,1278.49
1278.49,1288,1050,1237.36
1233.86,1246,1128,1150.22
1149.34,1214.95,1105,1190.89
1190.99,1360,956.85,1111
1111.92,1219,1105.002,1176.55
1188.11,1244,1138,1235.58
1235.27,1249.02,1180,1245.49
1242.46,1262,1213.55,1243.995
1245.82,1264.55,1238.32,1263
1258.75,1277.27,1025,1172.62
1175.11,1175.11,983.9,1071.02
1068.78,1099,919.44,970
970,1063.7,943.896,1017.937
1019.1,1053,902,1044.96
1046.75,1120,1029.999,1114.39
1109.99,1114.96,975.626,1037.56
1037.6,1057.41,1006.4,1029.65
1030.84,1033,911.23,921.302
933.93,973.99,881.891,956.02
963.72,1005,923.005,973.08
974.25,1045.9,948.323,1042.08
1042.28,1069.39,1014.9,1043.281
1045.54,1060.06,1005.77,1043.27
1043.09,1057.51,1017.14,1042.34
1042.32,1094.49,1031.43,1088.99
1088.99,1110.95,1061.64,1092
1083.95,1119,1066.49,1078.01
1113.23,1168.72,1076.19,1152.44
1152.09,1165.648,1118.85,1143
1141.999,1146.883,1111,1132.99
1132.99,1206.97,1132.98,1192.3
1190.72,1205,1175.203,1194
1194,1204.999,1166.66,1184.5
1182.469,1221,1173.98,1211
1205.2,1219.78,1189.449,1209.25
1209.99,1234.622,1198,1223.99
1223.499,1230.411,1208,1214.18
1214.68,1219.5,1141,1176.72
1172.56,1197.992,1142,1173.74
1173.13,1198.18,0.06,1178.85
1178.84,1193.33,1150,1177.97
1177.63,1210.986,1161,1189.92
1190.95,1218,1175.95,1202.378
1202.59,1215.32,1190,1214.21
1203.98,1249.478,1201.66,1234.19
1234.93,1258.77,1231.65,1249.99
1249.98,1253,1199,1247
1231.84,1254,1223.42,1241.99
1251.91,1261.16,1234,1257.29
1256.65,1287,1248.42,1281.16
1276.349,1330,1265,1298.44
1297.55,1360,1285,1331.53
1335.493,1381.01,1292.14,1353.34
1352.96,1369.5,1312,1365.43
1364.98,1394.51,1309.37,1384.55
1348.88,1466.69,1325.76,1436.5
1436.5,1492.93,1381.436,1447.75
1471.79,1533,1431.02,1513.599
1513.598,1665,1444.94,1563.39
1561.47,1630,1491.335,1551.3
1513.742,1598.89,1505,1535.422
1535.422,1618.31,1358,1554.01
1505.167,1713,1485.982,1713
1712.99,1794.7,1616.05,1720.43
1721.8,1799.99,1682,1794.97
1781.999,1892,1745.01,1837.93
1837.98,1838,1639,1698.188
1695.56,1795.633,1601.46,1792.73
1776.8,1829,1752.85,1799.99
1782.3,1802.99,1682.56,1705.48
1706.07,1791.262,1641.22,1700.01
1700.01,1880,1670.01,1813.23
1813.23,2589,1766.33,1899.16
1879,1980,1851.535,1976.23
1961.793,2059,1914,2039.114
2039.115,2102.68,1961.52,2011.106
2056.99,2298,1900.1,2085.992
2088.76,2283,2079.251,2272.75
2233.975,2481.75,2231.967,2408.24
2408.24,2806,2201,2292.53
2259.2,2683.18,2030,2279.82
2276.46,2353.35,1812.99,2042
2042.89,2342.99,1995.016,2232.78
2140.793,2357.86,2051.681,2279.48
2290.18,2339.08,2112.31,2203.53
2191.58,2338.91,2130,2291.301
2291.301,2488,2291.301,2419.98
2399.981,2497.65,2370.03,2487.183
2485.432,2599,2445,2540.94
2548.3,2570,2460,2521.36
2530.27,2699.35,2515,2690
2698,2938.55,2674.69,2871.29
2871.9,2893.28,2598.7,2690
2693.002,2818.052,2611.41,2799.73
2805.46,2868.23,2780.43,2811.39
2811.37,2942.04,2787.891,2931.38
2931.16,2998.99,2781.893,2998.98
2998.98,2999.99,2400,2609.442
2609.442,2798.99,2601,2709.01
2709.02,2827,2318.43,2452.686
2451.42,2525,2050,2424.91
2428.72,2540,2287.84,2480.43
2480.44,2679.24,2413.96,2630.03
2634.94,2670.158,2455.01,2515.25
2516.98,2598,2480.96,2598
2598,2783,2579,2705.1
2725.11,2789,2559.51,2644.968
2644.969,2740,2588.547,2684.987
2713.48,2745,2657.46,2690.76
2690.76,2724.96,2500,2574.84
2557.66,2635.72,2408,2490.126
2505.61,2563.9,2210,2421.22
2421.21,2575.75,2257.008,2565
2565,2605,2444.437,2553.12
2554.014,2594.78,2498.003,2526.074
2538.41,2564.58,2419.238,2455.19
2455.19,2517.11,2364.01,2393
2393,2545,2344,2505.571
2500.911,2595,2469.212,2546.73
2542.41,2647.65,2540.07,2602
2602,2630.24,2530.1,2602.9
2598.37,2623.54,2522,2600.39
2604.89,2613.993,2470.201,2501.46
2501.46,2563.5,2462,2550.07
2560.84,2579.84,2494,2508.99
2504,2527.88,2250,2323.45
2326.12,2410,2242.62,2302.2
2302.2,2416.512,2235,2383.42
2373.845,2425.16,2308.14,2336.402
2340,2357.84,2133.77,2217.24
2217.02,2224.82,1956.202,1964.46
1972.3,2044.44,1758.2,1911.78
1905.05,2238.07,1905.002,2235.19
2226,2400,2134.37,2308.15
2310.801,2402.5,2212.484,2258.99
2258.99,2957,2254.64,2875.03
2873.45,2887.45,2608.27,2670
2661.05,2882,2644.59,2831.131
2825.27,2855,2640,2749.02
2755.19,2809.377,2701,2755.898
2759.95,2782.44,2440.211,2556.002
2564,2617.013,2400,2524.99
2524.99,2695.999,2509.63,2664.99
2666.33,2851.954,2655.55,2777.01
2808.971,2808.999,2631.78,2700.21
2681.6,2799,2500,2723.99
2745.76,2910,2680.01,2876.133
2855.81,2970,2599,2732.59
2727.975,2761.514,2650,2703.51
2700.9,2808.88,2697.7,2793.37
2787.05,2888.2,2760,2857.34
2875.967,3350,2848.32,3256.31
3256.31,3299.1,3146.1,3235.032
3222.22,3447.887,3186,3395
3395,3492,3300,3430.52
3430.52,3444.9,3178.72,3342.8
3342.8,3470,3311.17,3444.98
3444.98,3735.199,3390.67,3645.06
3651.74,3975,3586.95,3874
3889.09,4232.71,3841.468,4060.47
4053.87,4423,3964.96,4320.6
4320.53,4484.29,3800,4159.93
4159.93,4399,3926.06,4370.01
4370.01,4480,4167.21,4280.01
4280.01,4368,3960.47,4141
4100,4211.683,3900,4179.733
4091.99,4198,4000,4050.99
4058.64,4116.969,3949.78,3987.52
4002,4169.994,3583.46,4104.9
4104.9,4279.99,4051.94,4151
4142.5,4380,4082.57,4334.682
4312.03,4465,4270,4360
4360,4392.1,4232.43,4333.38
4344.32,4409.999,4290.32,4337.68
4343.5,4399.72,4169.01,4384.99
4384.99,4705.07,4336.26,4591.38
4578.82,4642.22,4479,4581.98
4573.15,4769.03,4566.66,4736.28
4743.94,4948,4671.09,4921.7
4948,4985,4488.5,4599.9
4643.63,4749.99,4385,4606.26
4626.05,4660,4058.5,4344.11
4498.46,4543.2,4001.93,4393
4393,4699.9,4356.42,4616.18
4616.18,4730,4475,4660
4624.18,4705.1,4090.3,4346.24
4346.15,4449.95,4164,4334.36
4334.36,4386.8,4010,4287.1
4251.36,4397.4,4092.4,4210.72
4210.72,4399,4070.01,4155.55
4164.52,4183.1,3720.01,3855.01
3861.89,3947.9,3210,3250.2
3227.79,3894.48,2955.01,3740.02
3740.02,4042.98,3500,3726.51
3726.51,3841,3463,3719
3719.98,4135,3659.42,4100
4100,4125.22,3848.35,3903.4
3888.8,4059,3820.56,3872.06
3872.07,3916.9,3571,3623.9
3617.47,3767.77,3509.79,3619.01
3619.01,3830.3,3552,3787.33
3787.33,3792.9,3615,3664.22
3669.01,3976.9,3658.39,3918
3919.98,3970,3850,3885.09
3885.09,4240,3870,4200
4200,4285,3336.67,4184.84
4189.42,4227.62,4015.17,4157.1
4156.99,4368,4143.52,4326.09
4339.01,4399,4216,4388.74
4394.81,4470,4352,4392.71
4392.71,4430.3,4104.51,4300
4299.99,4352.9,4170.07,4214.84
4214.24,4372,4137.96,4301.09
4320.02,4425,4278.4,4363.1
4363,4463,4312.82,4425
4422.72,4615.1,4404.5,4597.98
4602.51,4875.39,4541,4764.7
4769.55,4925.65,4700,4748.5
4750,4878,4700,4822.01
4814.99,5445,4793.66,5445
5439.41,5869.89,5380,5624.8
5636.27,5839.8,5555.89,5799.99
5799.99,5849.83,5415,5680
5683.92,5807.11,5548,5745.72
5754.9,5776.31,5506.78,5597.31
5591.97,5630,5082.24,5569.33
5574.02,5750,5512.06,5704.01
5704,6074,5589.8,5977.29
5977.26,6189.1,5868.26,6013.46
6012.58,6082.3,5700,5969
5974.96,6060.28,5617.75,5905.99
5901.8,5906,5453.01,5523.4
5525.43,5765,5366,5739.97
5741.66,6000,5683,5889.42
5891.61,5998,5674.06,5780
5780,5894,5646.18,5752.01
5730,6316.85,5683,6132.76
6140.01,6229.77,6024.03,6119.99
6124.16,6472.13,6072.81,6434.21
6434.24,6784,6340.01,6741.9
6745.04,7445,6700,7039.98
7037.47,7500,6894.1,7177.27
7145.24,7569.9,6934.1,7369.9
7374.45,7630,7275.16,7372.72
7373.3,7449,6900.73,6967.68
6975,7273.1,6942,7109.7
7131.38,7927.45,7031.66,7450.32
7465.06,7490,7061.2,7148
7151.48,7400,6415,6577.62
6588.18,6894.99,6184.63,6355.13
6339.86,6500,5450,5886.35
5870.03,6870,5800,6549.31
6524.69,6779.2,6450,6605
6607.99,7367.94,6605,7292.65
7283.16,7990,7085.2,7750.7
7846.96,7997,7520.2,7677.17
7675,7862.62,7426.9,7776.54
7770.28,8099,7668.06,8031.82
8016.58,8314.95,7900,8256.01
8256.01,8375,7770,8109
8095.19,8310.89,8025.4,8250
8214.69,8290,7980,7989
7988.96,8340.02,7850,8173.1
8209.87,8795.5,8100,8779.62
8779.35,9596,8538.2,9306.21
9401.11,9795,9155.6,9763.11
9768.71,9989.95,9411,9800
9877.63,11485,8595.55,9824.68
9833.7,10900,8975,9903
9935,10970,9360.01,10869.84
10840.45,11200,10637.69,10930.24
10875.68,11891,10500.17,11290
11290,11681,10850,11643.98
11613.07,11900,11384.25,11718.35
11711.19,14425,11659.8,13735.16
13735.16,19697,13085.9,16599.99
16599.99,17777.69,13482.42,16250.01
15799.87,16500.98,12701.05,14607.49
15041.01,16300,13000,14850.3
15268.99,17493,14677.19,16885.76
16470,18149.99,15967.29,17730.12
16650.01,17900,15497.69,16689.61
16245.02,17199.6,15825.7,16749.78
16678.78,17950,16323.3,17471.5
17477.98,19797,17269.99,19650.01
19187.78,19999,18465,19378.99
19261.89,19385,17835.2,19039.01
18981.88,19160.79,16723.5,17838.73
17700,17950,14001,16496.89
16466.98,17375.2,14315,15800
15600,15974.95,10400,14000
13980,16261,13496.48,15075.85
15075.89,15500,12488,14221.94
14107.87,14774,13030,14171.98
13989.99,16249,13746.95,15764.44
15810,16555.2,14484,15445.9
15418.95,15550,13500,14470.07
14436.99,15198.5,13949.5,14565.05
14351,14639.79,12050,12839.99
12640,14299,12491.21,13990
13775,14442.9,12800,13480.01
13506.1,15300,12851,14781.51
14670.96,15599.7,14546.28,15144
15155.62,15503.59,14000,15266.6
15200,17200,14800,16960.01
16945.51,17245,16167.5,17098.99
17175,17175.01,15665,16174.22
16150.15,16300,13500,14999.99
14999.99,15440.7,14123.97,14480.99
14403.51,14979,13412,14875
14899.99,15055,12800,13308.06
13260.04,14152.19,12807.27,13820
13820,15800,13266.3,14174.38
14174.01,14500,13072.22,13626.27
13647.99,14438.9,13207,13590
13581.66,13643.66,9928.62,11386.34
11393.97,12358.89,9005,11200.01
11199,12262.3,10677.33,11247.57
11305.53,12050.39,11025.18,11598.1
11535.55,13079.6,11498.99,12762.8
12782.99,12845.8,11100,11501
11558.87,11968.5,10000,10780
10810,11456,9927.54,10820.81
10824.95,11500,10450,11346.58
11400.98,11760.1,10805.56,11118
11117,11635,10263.32,11086.89
11086.88,11630.47,10815.84,11372.85
11373.92,11989.15,11100,11536
11685.58,11820.01,10840,11135.34
11162.62,11222.36,9711.11,9971
9971,10331,9513.1,10149
10148.99,10187.56,8400,9000.73
9014.22,9155,7540.99,8787.52
8805.76,9499,8022.9,9221.14
9178,9353.45,7751.2,8167.91
8190.78,8349.3,6425.75,6905.19
6886.58,8150,5850,7690
7737.26,8650,7125.1,7559
7588.01,8644.36,7543,8200
8200,8779.62,7750,8693.98
8693.98,9090.8,8139.4,8553.5
8553.5,8576.42,7820,8072.99
8073,8995,8059.9,8899
8897.42,8951.89,8360.13,8522.99
8520.01,9520.6,8504.57,9472.98
9472.98,10259.29,9330.1,10037
10020.27,10325.1,9689,10196
10167.49,11149,10039.73,11100
11100,11308.8,10150,10380.04
10430,11274.11,10297.39,11173
11165.1,11790.1,11000,11233.41
11233.42,11300,10236.2,10468.1
10453.83,10976,9712,9843.34
9843.33,10438.6,9550.9,10144.99
10144.99,10578.7,9363,9697.21
9688,9887.1,9260,9590.04
9595.99,10471,9376.34,10322.1
10329.99,10878.9,10117,10566.57
10572.49,11081.4,10255.07,10310
10307.26,11100,10130,10903.13
10895.93,11200,10765,11029.99
11000.01,11528.9,11000,11432.5
11445,11539,11041,11469.9
11479.68,11688,11339,11377.54
11417.39,11438,10550.1,10731.5
10700,10911.78,9375,9925
9904.52,10150,9000,9304.89
9293.06,9427.9,8366,9230
9228.83,9518.77,8653,8791.47
8795.04,9772.42,8434.1,9535.04
9533.88,9899.9,8742.07,9110.39
9120,9500,8812.5,9146.52
9145.42,9370.9,7900,8207.02
8195.99,8425,7621.4,8259.99
8260,8615,7859.4,8251
8258.54,8356.4,7700,7843.4
7860.83,8324.92,7305,8197.29
8197.28,8780,8064,8589
8589,9051,8305.2,8912
8904.02,9189.8,8745,8902.53
8892.18,9116.2,8467.27,8711.5
8710,8934.9,8265,8920.79
8927.79,9030,8480,8530
8532.7,8687.3,8359.45,8453
8453,8500,7827.95,8137.8
8152.26,8230,7708.6,7793.61
7793.61,8114.5,7723.03,7932.41
7942.89,7975,6900,7080
7086.14,7302.35,6550,6804
6838.7,7242.47,6773.9,6921.27
6928.5,7045.71,6427.16,6816.01
6816.01,7134.9,6759.96,7052.76
7052.75,7529.7,7001.28,7418.53
7424.91,7432.7,6699,6790.4
6791.68,6935.8,6551.8,6763.5
6785.86,6850,6505,6619.01
6613.9,7077.7,6600.99,6904.9
6904.21,7113.6,6878.6,7027.26
7020.01,7186.1,6608.3,6773.4
6782.39,6900,6646.8,6835.67
6829.9,6984.92,6798,6940.94
6940.9,8500,6758.45,7919.9
7915.99,8240.4,7732.43,7893.19
7875.94,8232.14,7816.2,7998.07
8003.12,8422,7996.6,8355.25
8353.43,8429.8,7900,8057.1
8054.68,8181.4,7800.3,7890.3
7890.87,8308,7865,8152.05
8152.05,8308,8074.44,8275.7
8273,8943.8,8215,8861
8875.1,9075,8602.08,8915.42
8915.42,9072,8754.01,8795.01
8781.7,9032.1,8771.22,8931.3
8942,9749,8925,9645.1
9648.36,9763.49,8602.43,8864.99
8865.98,9326.79,8555,9280.95
9280.47,9387.82,8891.8,8922.55
8916.54,9447,8854.47,9345.11
9352.97,9538.75,9165,9393.99
9396.32,9453.9,9110,9243.83
9243.51,9249.99,8815.91,9066.9
9072.29,9262,8975,9217.1
9220,9800,9131,9735.9
9737,9784.73,9451.5,9696.57
9689,9962,9465,9800
9799.99,9918.41,9364,9604.9
9621.99,9634.5,9162.85,9353
9356.25,9463.13,9015,9177.82
9181.52,9464.1,8953.26,9308.45
9308.49,9395.9,8987.74,9010.51
9007.19,9022.05,8325,8411.42
8408.79,8658.57,8208.81,8481.6
8481.72,8775.9,8317.9,8686.1
8698.2,8900.9,8283.55,8670
8674.53,8865,8400,8474.99
8481.99,8505.33,8077.3,8344
8345.8,8500,7978.8,8064
8059,8280,7919.2,8248.87
8238.51,8395,8141.08,8233.8
8235.6,8600,8147.9,8516.86
8520,8596.5,8292.4,8393.44
8393.43,8417.65,7938.4,7989.1
7989.2,8038.2,7433.19,7502.89
7509.99,7746.18,7255,7584.15
7584.15,7661.85,7286.7,7466
7459.11,7647.46,7215,7337.95
7333.2,7412.57,7208.1,7346.64
7349.12,7447.9,7070.5,7112.5
7107.94,7537,7026.9,7460
7469.45,7568.3,7260,7374.9
7375.64,7616.63,7330.2,7485.6
7492.28,7620.01,7348.45,7511.6
7514.32,7700,7434.3,7642
7642,7790.91,7581.03,7703.67
7712.97,7764.44,7442,7487.37
7487.37,7685,7341.73,7612.51
7612.51,7695.46,7480.79,7657.93
7655,7750,7618.99,7684.93
7684.93,7700,7530.9,7618.8
7618.11,7686.45,7455.1,7496.4
7498,7498,6621.7,6781.17
6781.17,6919.97,6629,6881
6881,6885.84,6444.03,6545
6557.66,6634.3,6120,6302.31
6308.49,6750,6264.4,6646.1
6636.3,6678.1,6355.1,6391.22
6388,6557.81,6324.2,6487.92
6484.3,6575.35,6425,6447.16
6447.15,6807.64,6359.1,6707.5
6711.3,6854.3,6658.6,6736.41
6736.41,6817,6515,6759.18
6759.54,6792.2,6677.85,6718.33
6718.33,6737.97,5921.21,6059.82
6055.17,6292.4,6031.03,6178.29
6178.29,6275,5650,6150.1
6150,6365.34,6066,6246.01
6252.28,6278.8,6006.39,6074
6074.01,6239.9,5983.56,6132.17
6132.16,6165.49,5816.6,5851.66
5845.2,6600,5774.72,6204.24
6202.36,6531.61,6185,6383.19
6383.19,6438.55,6254.23,6349.5
6345.48,6678.7,6267.68,6612.98
6611.79,6673.99,6463.17,6502.62
6507.99,6796.62,6313.27,6587.47
6587.46,6715.2,6445.31,6533.69
6532.96,6641.09,6449.76,6600
6599.99,6848.84,6503.2,6753.28
6753.29,6783.54,6669,6701.97
6706.6,6815.82,6610,6666.75
6666.75,6684.2,6262.94,6299.46
6303.69,6400.6,6279,6390.04
6390.04,6390.04,6072,6249.75
6246.68,6356,6121.01,6215.59
6216.29,6329.5,6180,6243.98
6248.65,6397.21,6227.76,6348.73
6353.25,6755,6328,6728.81
6728.8,7475,6657.66,7315.01
7310.71,7599.98,7229.89,7378.99
7378.99,7581,7278.84,7470.01
7470.01,7696.88,7238.8,7334.46
7334.46,7459.81,7200.3,7408
7408,7581.9,7320,7397.8
7400,7844.9,7369.86,7720.09
7720.08,8496.96,7691.14,8400
8390.04,8496.6,8039.99,8157.15
8157.15,8315,7840,7931.99
7932,8276.55,7787.29,8183.05
8182.64,8259,8051.43,8228.9
8231.07,8299.99,8109.74,8213.5
8216.33,8295,7849.54,8170.01
8162.28,8184.07,7629.48,7725.43
7727.28,7761.56,7423,7603.99
7600.22,7709.98,7455,7533.92
7536.01,7542.92,7254.6,7414.08
7414.08,7495,6926,7009.99
7009.94,7088.4,6880,7030.01
7030,7184,6833,6938
6932.18,7155,6647.07,6718.22
6718.22,6718.22,6104.82,6282.5
6282.5,6633.21,6177.51,6546.45
6546.46,6588.97,5995.75,6146.01
6139.99,6494.13,5969.6,6235.56
6236,6493.77,6158.5,6316.01
6316,6546.29,6139.57,6253.67
6252.63,6789.8,5880,6195.01
6195,6649,6186,6269.01
6269.01,6491.8,6200,6315.9
6315.9,6596.7,6289.1,6585.49
6585.5,6619.79,6300,6396.64
6397.37,6552.23,6312,6481.99
6481.63,6525,6223.9,6257.2
6260.83,6513.28,6241.4,6475.89
6475.89,6916.5,6210,6359.99
6359.99,6578.2,6329.2,6526.36
6525.99,6748,6445.32,6690.88
6690.88,6800,6660.6,6737.52
6732.99,6775.34,6558.95,6710
6709.98,6949.8,6641.35,6911.9
6911.9,7133.7,6860,7071.01
7071.01,7124.06,6886.6,7030.9
7030.92,7060,6776.9,6983
6983,7101.03,6879,7015.01
7015.01,7300.18,7010.98,7191.08
7191.07,7334.5,7127.5,7295
7294.99,7340.08,7170.7,7256.98
7256.48,7411.85,7215.02,7360
7359.99,7389.4,6638.8,6686.6
6671.95,6705.59,6226,6495
6488.01,6530,6318.8,6395.01
6395.01,6465.46,6073.9,6188
6188,6463.07,6094.38,6235.01
6239.74,6375.13,6221.49,6300
6300,6418.71,6162.06,6282.53
6281,6366.4,6191.1,6326
6326,6595.9,6323.64,6485.99
6485.99,6599.8,6378.05,6478.04
6476.51,6570.1,6465.2,6520
6520,6525.54,6323.68,6498
6497.87,6532.1,6200,6250.7
6250,6390,6225,6332.34
6335.69,6574,6100,6386.94
6386.95,6547.2,6333.63,6493.11
6491.2,6819.5,6480,6750
6750,6836.4,6624.79,6707.33
6710.25,6777,6659,6696.99
6696.99,6721.68,6545,6582.09
6582.09,6582.1,6318.5,6436.89
6435,6540.7,6372,6455.66
6458.69,6736.85,6425.84,6683.8
6680.01,6796.2,6525.67,6620.01
6620.01,6622.2,6450.1,6581
6581.91,6644.01,6510,6605
6605,6639.33,6474.9,6572.83
6572.83,6597,6436.2,6498.88
6498.47,6521.1,6396.34,6466.03
6466.03,6604.89,6450.58,6547.45
6547.45,6666.6,6494.1,6582.12
6593.94,6599,6526.28,6552.43
6552.42,6600,6488.3,6570
6569.99,6688.3,6538.14,6608.07
6604.76,6623.14,6546,6589.48
6589.48,6593.48,6387.91,6524.56
6517.55,6530.1,6026.09,6152.76
6152.76,6250.53,6109.79,6188.01
6182.03,6245.97,6168.83,6195
6201.23,6349.47,6143.08,6183
6181.9,6820,6149.28,6440.42
6438.44,6493.77,6375,6457.11
6454.19,6469.8,6406.98,6443.7
6443.69,6490,6344.6,6394.96
6395.2,6412.4,6342.01,6382.99
6382.99,6429.7,6360.1,6414
6412.1,6470,6399.2,6415.88
6413.26,6429.23,6367.8,6407.65
6407.64,6421.58,6350.1,6395.14
6395.13,6473,6390.07,6415.98
6415.97,6423.5,6356,6395.58
6393.38,6450.3,6375,6404.87
6406.1,6425,6381.25,6409.12
6409.11,6433.6,6380.01,6403.62
6403.63,6423,6200,6266.52
6266,6299.4,6238.94,6267.63
6267.63,6377,6199.25,6304.18
6304.18,6367.7,6281.91,6344
6344,6381.25,6318.2,6350.43
6349.8,6351.74,6300.6,6331.96
6331.96,6475,6310.57,6423.28
6423.29,6443.3,6368.49,6404
6404,6460.01,6378.24,6448.5
6448.5,6552.9,6442.47,6503.12
6503.12,6515.7,6380.6,6406.24
6406.24,6429.68,6305,6334.89
6334.89,6377.26,6323,6347.42
6347.42,6365,6269.46,6357.54
6357.6,6388.21,6290.8,6327.87
6327.87,6329.1,6244.35,6259.34
6255.86,6300,5280.93,5600.9
5600.9,5648.04,5188,5579.52
5579.5,5610,5410,5512.24
5512.26,5550.66,5450.83,5504.17
5503.64,5698,5499.4,5560
5560,5563.5,4670.05,4741.2
4736.67,4897.36,4028.8,4349.23
4349.24,4643.54,4239.01,4545.11
4545.12,4596.33,4070,4265.36
4268.4,4371.16,4061.02,4283.8
4288.25,4376.88,3638.48,3774.99
3775,4126.9,3456,3932.9
3936.7,4076.25,3508,3730.44
3731.01,3834.35,3548.76,3775
3775.01,4397.6,3770.8,4219.8
4219.77,4441,4066,4248
4247.99,4300,3851,3976
3976.01,4286.6,3904.34,4138.4
4142.01,4266,4025.1,4103.19
4102.8,4119.98,3732.6,3833.47
3833.47,4059.3,3728.7,3901.84
3901.84,3916.74,3653,3694.3
3694.39,3851.1,3400,3433.26
3431.3,3600,3208,3380.01
3380,3498.9,3241,3398.8
3401,3642.51,3359.9,3531.18
3531.18,3596,3348.7,3410.15
3410.4,3441.1,3292.65,3349.36
3350.27,3490,3323.6,3430.24
3430.24,3441.13,3217.7,3260
3263.55,3308.6,3134,3194.9
3195.71,3241,3120,3183
3180.84,3265,3159,3195
3194.99,3590,3181.26,3496.73
3497.1,3690.9,3422.77,3667.77
3667.76,3928.15,3637.17,3683.6
3682.51,4200,3651,4075.34
4074.5,4164,3769.2,3841.08
3842.59,4022.6,3780.09,3980.46
3981.24,4062.5,3900,3944.93
3944.92,4239.9,3941.6,4033.8
4034,4049.23,3671.5,3779.99
3780,3863.82,3678.8,3809.88
3809.88,3842.27,3565.9,3589.89
3589.89,4028.6,3575,3888.06
3889.2,3961.85,3645,3725
3728.96,3871.6,3681,3835.79
3831.03,3842.89,3621.6,3691.86
3690.9,4499.3,3577.18,3826.1
3826.1,3920,3763.85,3886.2
3890.51,3895.5,3721.9,3787.57
3787.57,3856.9,3728.8,3820.82
3820.19,3887.09,3772.1,3797.41
3799.99,4090,3753,4040.99
4040.98,4078.9,3964.01,4005.3
4005.97,4114.8,3934.73,3993.86
3993,4060,3948.44,4004.12
4003.09,4036.22,3503.44,3626.12
3627.65,3704.6,3560.5,3635.1
3635.1,3652.4,3557.09,3617.13
3619.38,3654.02,3375,3514.24
3514.24,3717,3506,3664.19
3664.18,3687.02,3534.68,3582.09
3576.92,3669.5,3570.48,3607.15
3609.71,3660,3534.25,3638.01
3638.01,3644.8,3576,3612.2
3607.85,3950,3602.6,3681
3680,3703.39,3468.7,3536.72
3537.42,3573.29,3485.58,3531.76
3533.4,3615.8,3401.36,3576.81
3576.53,3620.23,3518,3553.01
3553.2,3598,3524,3571.3
3568.97,3578.79,3510,3561
3561,3673,3535.6,3556.07
3556.07,3564.12,3456,3531.02
3531.02,3537,3357.3,3429.95
3431.43,3440,3321,3397.42
3395.74,3465.1,3371.3,3437.55
3437.55,3478.1,3392.6,3411.5
3413.69,3460,3364.53,3437.5
3434.83,3494.1,3406.38,3468.43
3468.43,3476.33,3384.67,3414.78
3415.69,3439.46,3394.85,3409.57
3409.81,3435,3396,3431.39
3431.81,3445.6,3328.7,3367.4
3366,3383.29,3348.1,3359
3358.99,3711.26,3337.91,3621.99
3622,3744.2,3589.52,3625.7
3625.7,3662.43,3576.16,3648.84
3649.92,3652.56,3577.7,3590.36
3588.99,3620,3538.2,3588.61
3588.06,3632.2,3541,3576.68
3576.69,3657,3531.01,3561.5
3561.49,3620.53,3544.88,3567.4
3566.59,3613.3,3561.96,3579.92
3580.43,3675.87,3552.7,3625.08
3625.08,3926,3614.82,3867
3870.97,4000,3838.2,3888.46
3889.92,3967.52,3861.49,3938.99
3939,3989.99,3863.2,3897.71
3897.71,3957,3882.59,3942.02
3942.02,4160.1,3905.63,4113.53
4110,4190.3,3625,3734.22
3734.23,3861.81,3731.09,3818.79
3818.78,3830,3760.09,3799.48
3799.49,3827.9,3650.8,3799.91
3800.35,3912.16,3752.05,3792.14
3793.6,3845.3,3785.8,3806.17
3806.17,3818.75,3754.3,3809.7
3809.7,3822.4,3755.4,3786.93
3786.93,3806.9,3670,3700.72
3698.65,3877.1,3690,3844.9
3844.07,3895.7,3805,3851.89
3851.89,3891.4,3826.13,3857.05
3857.04,3924.37,3760.1,3843.12
3842.62,3950.25,3834.59,3916.43
3918.34,3918.35,3862,3900.93
3900.93,3912.89,3812.64,3849.68
3849.67,3879.6,3791.07,3860
3860,3874.68,3820,3851.02
3851.02,3907,3775.01,3853.95
3853.95,3912.06,3843.09,3902.8
3902.8,4042.5,3899,3990
3990,3992.42,3927.28,3965.5
3967.01,4019.9,3929.83,3969.59
3969.94,4012.69,3947.15,4000.85
3999.5,4050,3962.6,4031.85
4032.68,4064.4,3871.3,3972.76
3974.5,4000.81,3958.94,3983.78
3983.77,4001.17,3957.11,3983.43
3982.45,3982.45,3942.04,3969.52
3969.52,4034.13,3850.45,3907.53
3905.9,3936.36,3879.5,3921.45
3922.41,4037.3,3912.19,4026.53
4025.5,4027.07,3992.6,4011.17
4011.98,4102.57,4005,4091.01
4090,4131.87,4037.28,4094.14
4092.2,4103,4073.7,4094.99
4095,4150,4051.53,4137
4137.01,5142.9,4130.64,4903.8
4899.01,5362.7,4751,4975.97
4975.13,5077.35,4778,4906.49
4905.7,5091.9,4883.83,5039.73
5040.95,5244.04,4892.5,5049.22
5045.57,5270.33,5015.7,5194.79
5194.76,5359.8,5125.5,5285.54
5286.82,5288.95,5136.01,5187.21
5188.02,5488,5161,5321
5323.47,5347.07,4960.1,5041.3
5037.82,5122.48,4901.99,5078.19
5078.19,5123.28,5033.73,5066.22
5064,5191.19,5008,5164.27
5163.81,5193.01,4942.8,5027.31
5027.33,5245,5014.77,5202.9
5201.21,5300,5170.01,5224.9
5227,5325,5218.23,5280.49
5280.5,5366.5,5180.37,5290.36
5290.37,5362.97,5253.82,5319.89
5320.39,5349.16,5200,5297.64
5297.64,5453.3,5245,5387.6
5384,5650.01,5361.01,5525.4
5532.75,5627.9,5372,5442.2
5440.95,5513.66,4357.1,5134.81
5134.82,5295.03,5041.14,5159.51
5159.5,5221.24,5113,5170.6
5169.8,5215.4,5099,5157.02
5155,5194.2,5061.1,5148.25
5148.25,5297,5126.25,5270.69
5270.68,5359.3,5263.03,5321.15
5321.15,5422.99,5304.99,5391.01
5390,5800.02,5363,5658.22
5660,5846.88,5510,5770.01
5770.01,5782.55,5624.25,5715.86
5715.29,5758.31,5562.44,5686.65
5687.9,5974.51,5686.88,5748.45
5751.54,5990,5653.65,5948.41
5947,6174,5932.83,6151.4
6153.09,6430,6105,6343.14
6338.93,7464.13,6338,7209.9
7214.4,7588,6724.1,6973.9
6979.24,8195,6863.75,7824.93
7817.1,8350,7618.99,7990.92
7990.92,8308.16,7829.6,8203.32
8203.33,8390.95,7650,7880.7
7879.75,7946.2,6178,7363.69
7352.39,7494.2,7204.42,7262.4
7262.38,8315,7247.86,8200
8193.45,8199.97,7567.2,8003.97
7999.2,8117.48,7676.27,7954.49
7951.69,8050,7504,7626.48
7622.9,7986.6,7467.1,7881.98
7878.16,8188.87,7794.73,7999.02
8001.69,8161,7939.76,8063.81
8063.68,8802.29,7881.7,8750.01
8750,8953.4,8611.44,8772.29
8774.45,8823.75,8200,8715.36
8715.35,8762.39,8421.12,8663.41
8663.07,9096.79,7972,8277.76
8277.76,8591.1,8109.74,8552.9
8545.8,8624.72,8452.21,8558.95
8558.8,8841.3,8540.8,8736.55
8740,8746,8030.32,8103.64
8103.63,8110.01,7425,7670.96
7671.07,7934.8,7565,7789.48
7784.62,7878.62,7440,7805
7799,8134.99,7756.79,8000.5
7998.13,8061.12,7777.67,7930.14
7933.17,7966.58,7508.77,7634.58
7635.05,8097.35,7516.9,8015.69
8018.49,8057.32,7702.83,7918.17
7913.64,8292.43,7817,8176.02
8176.03,8344.9,8005,8239.04
8235.44,8740,8174.92,8697.46
8694.74,8916.63,8588.7,8860.23
8856.13,9391.85,8456,8975
8977.38,9477.7,8971.9,9331.75
9333.48,9361.87,8918,9080.5
9077.3,9325.85,9035.75,9277.55
9282.1,9605.44,9210.3,9531.21
9534.99,10250,9531.21,10236.2
10222.13,11216.8,10000,10666.86
10662.83,11286.8,10474,10814.1
10834.07,11102.6,10511,11032.32
11030,11800,10997,11765.1
11754.25,13880,11350,12920.54
12936.44,13360.9,10299,11159.29
11143.7,12450,10723.3,12354.43
12355.01,12436.2,11172.6,11865.29
11868.56,12200.06,10642.07,10752.3
10761.26,11239,9900,10577.63
10578.7,10947.3,9614.08,10828.9
10829.19,12037,10807.3,11976.42
11984.7,12064.4,10601,11136
11137.87,11482.9,10736,10997.84
10994.99,11735,10945.6,11237.77
11233.21,11631.2,11000,11480.7
11474.44,12404.6,11323.7,12286.14
12293.39,12883.48,12030.43,12571.11
12562.9,13202.63,11536.35,12097.96
12101.44,12104.97,10933,11349
11348.56,11950,11079.59,11802
11797.53,11847,10791.73,11370.08
11381.5,11467.3,10084.4,10185.03
10185,11088.44,9789,10854.47
10856.41,11042.11,9350,9422.72
9427.45,9998,9049.54,9696.31
9694.97,10800,9250.1,10649.07
10644.66,10777.21,10102.06,10538.06
10536.87,11210,10359.17,10761.03
10774.7,10842.2,10188,10590.7
10590.71,10700,10052.25,10323.39
10324.13,10328.9,9800,9840.6
9848.9,9919.6,9500.1,9772.6
9772.59,10187.4,9734.19,9878
9878,9911.3,9625.2,9843
9843,10248.41,9269.1,9481.37
9469.37,9669.11,9108.88,9533
9533,9729.87,9356.75,9495.01
9499.21,9839.83,9371.96,9593.62
9594,10143.2,9570.01,10087.3
10089.97,10530,9878.09,10408.9
10404.41,10677.32,10318.47,10533.01
10529.51,10928,10500,10820.76
10822.09,11089.74,10539.9,10986.96
10977.98,11959.36,10973,11815.28
11811.75,12340,11187,11465.49
11465.49,12173.8,11366.26,11975.03
11983.41,12065,11450.93,11981
11982.39,12042,11650,11856.1
11860.62,11976.68,11170,11280.95
11280.95,11589.73,11080.37,11540.76
11537.21,11555.55,11194.04,11389.28
11389.25,11446.94,10738.58,10854.92
10854.92,10862.25,9888.57,10025.86
10021.13,10450,9467.57,10297.86
10300,10540,9728,10352.78
10352.78,10475.82,9974.51,10217.79
10217.99,10515,10065,10315.48
10315.48,10950,10265,10921.8
10921.4,10959,10549.74,10772.22
10778.75,10807.54,9841.59,10130
10125,10238.29,9752.2,10107.15
10105.61,10479,10035.84,10410.85
10407.5,10433.49,9883.4,10151.83
10148,10398.6,9899.95,10138.72
10140.9,10697.9,10136.75,10360.97
10355.11,10387.9,10019.1,10177.3
10180,10297.7,9512.5,9714.31
9720.2,9720.2,9290.3,9495
9494.8,9708,9337.97,9582.42
9582.42,9707.48,9400,9600.86
9600.86,9850,9538.75,9767.53
9765,10490,9750.92,10389.5
10384.07,10790,10271.6,10617.61
10626.59,10892.1,10319,10581.84
10581.85,10666.43,10452.15,10574.73
10574.28,10972.06,10145.3,10308.92
10308.9,10580,10297.58,10484.37
10484.37,10599.1,10227.75,10398.97
10401.13,10542.93,10051,10310
10310.01,10392.72,9910,10094.5
10093,10308.15,9851.97,10154.46
10158.81,10479.9,10027.52,10423.72
10419.8,12000,8000,10365.93
10365.94,10444.02,10217.01,10360.25
10360.01,10386.6,10258.49,10311.3
10303.66,10379.98,10000,10262.54
10262.54,10282.91,10130.59,10195.73
10185.42,10263.65,9900,10155.26
10156.22,10385.31,9585.86,10274.4
10275.01,10310,10055,10173.3
10168.85,10180.43,9903.7,9985.28
9973.99,10097,9842.35,10026.8
10029.2,10051.15,9606,9693.74
9693.74,9782,7991.18,8530.01
8530.01,8746.83,8000,8439
8439,8467.89,7712.45,8055.03
8060,8294.04,7850,8193.99
8193.99,8426,8009.84,8218.07
8217.47,8246.87,7902.66,8052.4
8054.09,8393.23,7655,8310
8310,8540,8195.42,8321.52
8321.87,8395,8168.2,8381.72
8381.72,8419.95,8029.14,8240.41
8241.27,8248,7986.65,8156.67
8156.68,8211.4,8016.26,8147.63
8147.63,8181.6,7772.71,7859.79
7859.79,8316.2,7762.35,8208.67
8213.4,8348,8107.26,8178.54
8180,8712.45,8110,8590
8590.01,8666.84,8450.61,8587.5
8587.49,8932.5,8213.25,8270.6
8265.16,8427.76,8254.68,8303.43
8309.03,8474.48,8132.91,8280
8280,8421.6,8214.6,8354.6
8355,8420.85,8060.5,8162.44
8162.44,8179.1,7908.86,7993.54
7995.81,8136.4,7936.71,8077.1
8076.94,8120.77,7811.62,7956.4
7954.15,8104.7,7873.46,7965.28
7965.27,8314.77,7874.68,8240.2
8235.94,8387.3,8136,8217.8
8209.92,8325,7989.15,8020.6
8020.6,8052.46,7275.24,7470.77
7477.2,7520,7356,7430.87
7430.87,8800.1,7389.91,8668
8669.4,10610,8642.46,9259.78
9259.98,9826.72,9092.66,9548.84
9555.89,9936.5,9177.84,9226.5
9219.94,9575,9030,9430.8
9431.36,9437.06,8988,9164.44
9164.45,9459.7,8949.6,9159.48
9158.08,9323.4,9054.6,9253.12
9253.09,9396.91,9201.19,9308.52
9308.52,9386.45,9067,9206.52
9206.52,9600,9122.33,9410.76
9412.63,9534.7,9165.2,9320.14
9322.09,9450,9253.66,9341.27
9341.27,9375.16,9075,9198.84
9198.85,9253.39,8660,8763.01
8763.01,8877.36,8712.52,8807.89
8807.89,9150,8731.43,9040.12
9032.23,9075.32,8590,8720.36
8721.53,8875.53,8549,8810
8811,8839.7,8700,8761.75
8765.53,8791.78,8555,8630
8630.01,8799.03,8361,8457.48
8457.48,8539.53,8423,8481
8481,8637.01,8363.5,8500.01
8501,8508.4,8010.7,8168.84
8168.84,8198.73,7980.07,8123.36
8123.98,8231.04,8027.28,8082.96
8082.97,8117.35,7374.5,7616.46
7615.09,7720,6761,7285.85
7283.19,7361.41,7102.16,7329.29
7329.29,7349.68,6836.9,6908.64
6908.64,7380,6515,7127.01
7127.01,7344.91,7018.78,7162.67
7162.67,7678.76,6847.72,7527.84
7524.73,7660.82,7370.62,7432.41
7432.41,7870.35,7411,7753.69
7759.99,7820,7452.08,7550.67
7555.92,7560.2,7228.8,7404.27
7405.33,7431.07,7140.08,7305.01
7305.01,7415,7237.26,7302.94
7302.94,7820.75,7068.2,7197.78
7198.64,7500,7150.06,7393.54
7393.55,7618.99,7305,7545.7
7541.76,7643,7480,7502.19
7502.2,7583.1,7382.69,7520
7520,7666,7256.7,7337.51
7337.51,7400,7150.23,7219.37
7219.37,7273.8,7122.28,7201.23
7201.24,7299.39,7072.2,7185.91
7185.91,7302.35,7179.65,7249.9
7249.9,7272.1,7007.48,7072.7
7062.92,7225.23,7006.01,7115.08
7111,7147.91,6800,6877.03
6877.04,6939,6550,6616.62
6616.62,7488.2,6425,7285.53
7287.6,7379.8,7000,7149.57
7149.13,7220,7072.61,7194.11
7190,7195.37,7099.57,7147.4
7143.01,7530,7124,7513.06
7514.74,7692.98,7247.86,7310.79
7310.79,7431.1,7151.08,7255.01
7255.01,7271.8,7110.73,7192.12
7192.12,7432.1,7140,7195.5
7194.13,7255.37,6934.8,7245.83
7245.83,7350,7231,7302.67
7302.67,7531.4,7274.43,7384.89
7384.57,7390.41,7199,7216.27
7218.01,7302.35,7110,7168.36
7165.72,7238.14,7136.05,7174.33
7174.33,7186.65,6900,6942.3
6945.02,7402.31,6853.53,7338.91
7334.45,7398,7256.03,7348.63
7348.63,7495,7301.1,7355.4
7355.4,7817,7339.2,7764.63
7760,8252.5,7697.03,8158.52
8160.01,8469.39,7845,8043.3
8047.75,8048.94,7737.97,7818
7813.78,8200,7666.3,8198.09
8198.09,8319.5,7999.3,8016.22
8017.47,8190,7951.2,8177.3
8180.81,8196.81,8000,8105.01
8105.6,8895,8104.1,8815.69
8812.58,8920.83,8550,8809.17
8808.81,8852.35,8573.91,8714.76
8714.77,9015.22,8657.7,8899.42
8899.42,9000.1,8798.9,8908.53
8901.02,9194.99,8461.38,8705.8
8697.53,8740.54,8504.06,8628.89
8628.89,8782.2,8465,8722.03
8722.03,8795,8565,8660.38
8660.38,8673.13,8277.81,8378.44
8385.21,8530.7,8212.9,8425.18
8427.58,8437.76,8252.72,8326.81
8326.8,8601.9,8276.22,8595
8595,9004.35,8546.55,8895.96
8895.95,9420.7,8873.9,9400
9385.53,9443.96,9215.5,9280.9
9287.9,9574.68,9171.11,9500
9502.71,9529.35,9195.49,9334.98
9334.98,9461.35,9280.33,9380.18
9380.18,9480,9140,9322.2
9325.01,9615,9211.07,9280.49
9280.49,9350,9075,9164.33
9164.33,9775,9142.52,9613.82
9613.91,9859.57,9520,9763.01
9763.01,9885,9706.94,9808.05
9807.92,9955,9653.47,9904.3
9905.64,10180,9884.3,10173.97
10168.36,10200,9697.09,9851.78
9851.78,10409.2,9706,10270.01
10270.01,10495,10218,10351.13
10351.13,10522.51,10068,10228.67
10241.6,10400.37,10093.26,10364.04
10371.33,10408.04,9739,9911.22
9909.71,10051.24,9598.49,9921
9920.52,9973.45,9467,9700
9700,10298.25,9600,10188.04
10188.04,10315,9280.98,9602.2
9593.48,9706.27,9350,9610.05
9610.05,9775.26,9562.8,9695.66
9695.66,9728.57,9568.51,9668.23
9668.23,10025.66,9664.08,9965.01
9965,10030,9474.74,9660
9660,9682.73,9230,9305
9304.99,9375.36,8602,8778.3
8778.3,8974.75,8516.3,8816.5
8814.5,8900.94,8421.49,8703.84
8708.61,8805.06,8520.67,8529.1
8523.33,8756.11,8400,8522.31
8522.3,8978,8486.72,8912.92
8915.55,8924.69,8635.31,8757.84
8757.83,8850.47,8663.76,8758.7
8759.99,9174.24,8755.24,9070.17
9070.18,9187.85,8990.01,9158.51
9158.51,9225,8850.47,8893.93
8901.36,8905.05,7995.48,8037.76
8036.43,8191.13,7310,7934.52
7930.02,8158.42,7705,7885.92
7894.68,8020,7583.27,7938.05
7938.05,7969.9,4631.02,4857.1
4850,6000,3850,5622.74
5630.93,5780,5050,5165.25
5155.53,6002.2,5085.91,5343.45
5346.86,5353.04,4331.7,5037.61
5039.95,5569.9,4929.59,5331.71
5340.95,5452.82,5001,5413.64
5413.88,6441.37,5261.69,6186.26
6185.3,7139,5660.77,6210.14
6210.47,6470,5850,6196.3
6198.64,6420,5705,5818.25
5815.24,6650,5678.2,6490.63
6493.58,6893,6400.01,6766.64
6766,6989.04,6457.17,6690.96
6691.71,6798.89,6520.13,6758.18
6764.2,6880,6210,6372.36
6372.36,6376.4,6030,6251.82
6251.45,6283.41,5866.3,5875
5878.98,6640,5851,6406.4
6406.4,6530.83,6333.91,6424.35
6424.02,6744.99,6137.71,6666.11
6666.11,7292.11,6575.13,6804.52
6800.5,7053,6606.06,6741.99
6738.6,7025.53,6654.5,6874.77
6874.77,6925,6678.51,6778.25
6778.64,7376.59,6771.01,7341.56
7341.55,7474.9,7073,7200.01
7204.7,7432.23,7152,7370.11
7370.38,7378.85,7091.9,7294.1
7294.1,7314.93,6750,6873.8
6871.83,6960,6771.24,6889.6
6889.78,7216.5,6787.44,6903.7
6908.12,6914.01,6542.91,6861.21
6860.51,6997.38,6766.96,6874.5
6876.92,6940,6598.55,6624.12
6623.62,7224.18,6456,7112.64
7112.4,7159.64,6989.7,7037.46
7036.45,7308,7020.13,7261.76
7262.04,7278.74,7057.46,7130.71
7130.7,7231.9,6748.72,6842.8
6837.22,6964.23,6763.24,6853.68
6853.67,7171.26,6819.59,7136.9
7136.81,7790,7031.07,7488.83
7491.5,7615.36,7370,7514.64
7514.99,7731.8,7432.8,7547.61
7547.61,7718,7480,7706.4
7706.4,7813.68,7629.7,7792.4
7789.77,7803.99,7650,7755.01
7760,8988,7717.14,8793.75
8794.99,9487.9,8407,8627.32
8627.49,9075.98,8616.17,8829.42
8829.42,9025,8756.4,8985.58
8984.69,9207.82,8714,8909.95
8907.85,8975.52,8528.42,8883.53
8887.81,9126.27,8760.1,9028.79
9028.78,9430,8921,9155.79
9155.79,10080.2,9028.89,10004.77
10000.37,10050.31,9725,9801.35
9808.4,9923.24,9515.4,9537.21
9537.21,9570.1,7995.6,8729.86
8729.86,9182.97,8181,8570.8
8572.4,8984.87,8531.8,8821.42
8821.41,9420.18,8803.97,9321.26
9320.85,9950,9254.85,9795.34
9795.34,9849,9112,9312.1
9312.1,9594.99,9210.4,9383.16
9380.01,9896,9317.1,9676.63
9677.45,9966.12,9400,9728.52
9728.52,9903.89,9455.05,9783.76
9783.57,9845.15,9100,9509.41
9509.4,9573.29,8800,9061.96
9059.32,9272.97,8923.5,9165
9165,9316.12,9072.5,9178.6
9181.09,9310.91,8645,8718.77
8715.69,8984.16,8630,8899.31
8898,9016.99,8686.6,8844.42
8844.41,9230.21,8810.03,9208.53
9208.53,9625.01,9105.79,9577.38
9580.01,9610,9312,9423.84
9423.85,9764,9326.28,9705.1
9699.9,9711.7,9369.58,9446.19
9444.61,10429.26,9414.6,10208.9
10208.96,10241.26,9135.68,9522.46
9521.53,9699.95,9310.9,9668.07
9668.06,9888,9430,9788.03
9791,9860.33,9537.9,9613.21
9613.42,9744.39,9525.76,9671.7
9670.28,9829.31,9356,9750.12
9755.7,10189.59,9626.8,9781.51
9781.51,9900.4,9558.89,9778
9779.7,10018.67,9578,9894.04
9892.2,10013.75,9041.96,9265.8
9268.16,9555.54,9227,9469.72
9464.71,9500,9345.71,9475
9472.9,9483.9,9230.6,9325
9328.63,9505.4,8895.01,9435.15
9433.66,9596.31,9374.9,9530.3
9527.5,9566.53,9227.03,9457.51
9453.1,9482.66,9250,9376.14
9376.14,9439.7,9219.9,9304.32
9300.42,9400,9138,9355.74
9355.93,9421.26,9271.52,9286.14
9286.14,9798.76,9267.2,9690.74
9694,9725.3,9571,9623.56
9623.56,9670.31,9193.99,9285.91
9290.6,9343.49,8979.07,9243.51
9242.98,9291.73,9024.61,9155.42
9155.42,9189,8812.8,9002.46
9002.38,9191.72,8931.77,9113.24
9113.23,9240.36,9013,9184.45
9188.79,9205.01,9059.6,9136.2
9134.88,9300.3,9050,9239.97
9239.41,9269.2,8935.6,9091.53
9091.98,9172.29,9027.17,9072.47
9070,9196.69,9039.84,9138.51
9138.51,9151.78,8905,9074.39
9074.37,9376.34,9060.5,9343.31
9343.31,9385.81,9201.57,9253.94
9253.94,9493.02,9228.91,9435.28
9435.28,9450,9154.79,9236.95
9236.95,9322.23,9053.14,9291.05
9291.04,9306.9,9180,9235
9235,9347.76,9153.48,9303.37
9303.38,9367.7,9190.49,9236.92
9236.91,9283.7,9091.76,9256.94
9256.94,9276.98,9153.38,9190.16
9190.8,9219.57,9005,9130.11
9130.93,9221.85,9054.99,9155.32
9154.29,9219.35,9122.65,9175.85
9175.83,9245.03,9105.37,9212.87
9217.4,9228.66,9128.21,9161.05
9161.05,9442.89,9152.23,9394.14
9394.14,9573,9277,9539.51
9536.2,9690,9450.04,9613.24
9613.24,9650.55,9474.35,9551.21
9551.21,9751.82,9532.79,9711.33
9711.79,10200,9657,9941
9941,11420,9933.77,11048.91
11048.05,11263.85,10575,10934
10934.22,11360,10843.47,11110.12
11108.16,11190.65,10811,11115.95
11115.99,11463.6,10973.8,11351.62
11351.61,11894.73,11228,11810.07
11810.07,12134.29,10546.15,11068.54
11067.46,11488.59,10827.9,11233.13
11233.16,11423.66,11000.79,11197.04
11197.05,11807.12,11073.7,11764.66
11746,11920.75,11575.57,11773.89
11773.89,11921.63,11219,11606.52
11606.52,11822.22,11527,11774.98
11773.24,11811.11,11527.92,11688.48
11688.25,12099,11470.01,11899.73
11899.87,11948.55,11120,11388.53
11388.88,11635.12,11148.54,11566.45
11566.44,11806.61,11269,11795.95
11795.95,11867.1,11651.24,11779
11777.5,11989.98,11667.7,11859.24
11860.02,11942.87,11685.97,11918.84
11918.84,12486.61,11771.44,12304.26
12303.98,12408.53,11807.7,11950
11954.22,12026.37,11569,11765.1
11758.87,11899.99,11671.48,11864.26
11864.5,11887.67,11480,11535.18
11529.99,11696.37,11350,11672.93
11672.92,11715.09,11521.03,11650.01
11650.01,11832.55,11588.61,11753.85
11753.26,11777.15,11102.73,11324.92
11327.3,11820,11250.14,11463.27
11463.27,11602.92,11122.72,11330.06
11330.56,11557.14,11277.95,11532.6
11535,11592,11408.1,11477.37
11474.78,11720,11458.62,11708.97
11716,11785,11573.39,11655
11657.2,12086,11515,11928.77
11924.22,11959.1,11155.32,11395.48
11395.49,11478.95,9987.86,10172.52
10172.13,10646.75,9895.22,10462.35
10462.34,10573.73,9813,10168.36
10169.58,10358.88,10000,10257.86
10256.2,10415.66,9877.6,10377.4
10375,10446.18,9819.83,10125.69
10126.41,10353.39,9981.38,10224.56
10224.56,10501.25,10216.41,10343.23
10344.24,10416.84,10200,10394.41
10402.8,10483.23,10275,10443.33
10446.52,10586,10211,10336.76
10328.2,10765.03,10250.13,10679.95
10675,10950,10611.17,10783.75
10783.36,11101,10662.02,10951.1
10957.06,11054,10735.55,10943.61
10950.42,11040.38,10813,10937.52
10937.5,11183.01,10890.53,11080
11081.09,11087.12,10755.9,10920.89
10920.94,10997.85,10180,10416.82
10416.83,10582.64,10353.39,10531.13
10531.13,10544.8,10134.6,10230.7
10237.41,10795.87,10192.4,10740.01
10740,10765.07,10551,10690.53
10690.53,10835,10654.58,10730
10730,10807.14,10593.58,10778.2
10779,10957.15,10621.22,10695.55
10694.9,10870.06,10636.13,10842.2
10839.98,10851.38,10657.04,10784.04
10779.63,10940.22,10427.75,10616.1
10616.35,10668.56,10363.76,10576.2
10573.12,10606.36,10498.02,10551.65
10550.32,10699.88,10521.87,10671.11
10670.01,10805.82,10620.71,10799
10796.97,10803.6,10524,10602.66
10605,10686.2,10546.78,10669.14
10670.47,10969.6,10532.11,10933.09
10932.44,11118.49,10826.4,11057.07
11057.07,11499,11055.75,11299.5
11299.52,11448.83,11262,11374.01
11374.01,11736.02,11175.99,11535.57
11535.46,11567.4,11312.59,11428.22
11428.22,11556.37,11287.42,11427.7
11427.7,11641.38,11250.01,11509.34
11509.31,11552.83,11200,11328.95
11328.27,11421,11254.6,11367.89
11367.9,11526.34,11350.37,11514.2
11514.2,11840,11409.94,11760.45
11760.45,12070,11678.8,11923.83
11926.7,13261.2,11899.1,12808
12813,13212.24,12686.73,12987.02
12988.2,13037.26,12722.72,12939
12938,13182.83,12884.31,13126.24
13126.34,13363.53,12833,13045
13041.12,13252.89,12773.5,13071.75
13068.79,13799,13057.09,13660
13649.1,13864.89,12891.57,13281.05
13281.06,13660.98,12975,13460
13460,13729.08,13129.26,13571.51
13571.51,14101.46,13420.97,13804.81
13803.69,13907.47,13629.31,13762
13762,13845.68,13215,13563.22
13563.22,14088.08,13287.7,14041.58
14034.35,14277.5,13520.87,14165.54
14165.86,15782.3,14100,15608.21
15610.3,15977.67,15177,15599.95
15599.95,15779.24,14310,14834.09
14834.09,15672.1,14715.98,15482.9
15482.89,15856.9,14817.14,15342.25
15342.1,15482.76,15090.08,15315.03
15315.46,16000,15290.85,15710.87
15710.87,16371.09,15425.3,16300
16308.6,16495,15969.97,16339.56
16339.56,16352.59,15708.24,16086.34
16090.9,16175.6,15786.46,15975.49
15975.49,16894.93,15875.5,16721.1
16723.8,17886.82,16569.5,17679.36
17679.86,18495,17041.47,17800
17790.18,18200,17346.62,17821.58
17821.92,18830.3,17755.81,18675.25
18677.84,18980,18333,18721.21
18721.21,18773.56,17600,18435.2
18432.6,18786.31,18001,18384.82
18380.2,19469,18052.02,19172.84
19172.9,19509.3,18425.1,18721.93
18725.9,18920.91,16200,17170
17172.73,17475,16400,17144.2
17155.43,17933.25,16871.1,17739.85
17736.1,18359.55,17525,18202.04
18195.6,19883.33,16660,19713.94
19713.94,19947.5,18100,18782.97
18778.18,19350,18334,19225.63
19222.45,19625.64,18851.9,19448.4
19446.43,19552.5,18561.6,18658.1
18658.09,19193.07,18500,19153
19158.96,19437,18857.8,19375.6
19375.6,19440,18900,19177.71
19177.08,19300.55,18120,18316.22
18316.22,18654.92,17610,18546.55
18546.55,18563.92,17905,18253.44
18250.3,18293.08,17569.58,18031.5
18031.5,18986.9,18016.03,18821.28
18814.4,19421.03,18628.1,19166.65
19166.65,19350,18967.68,19272.37
19274.33,19567.84,19048.9,19444.6
19443.19,21577.4,19277.66,21359.65
21360.5,23781,21244.04,22826.48
22829.89,23284.68,22329,23137.76
23138.89,24217.38,22719.78,23849.99
23850,24300,23084.9,23476.51
23476.51,24123.83,21864.86,22729.4
22729.4,23853.86,22354.2,23823.27
23824.13,24096.9,22600,23228.35
23226.18,23800,22700.1,23717.96
23718.61,24777.7,23403.82,24704.71
24704.71,26832.85,24485.32,26475.35
26482.64,28395,25634.6,26258.65
26255.16,27487.23,26056.4,27044.13
27039.39,27400,25831.85,27366.35
27376.2,29018.26,27311.73,28897.42
28897.42,29321.9,27844,28990.08
28990.08,29700,28672.3,29412.84
29413.29,33333,29028.7,32225.91
32222.88,34810,31977.45,33080.66
33082.84,33669.76,27632.34,32005.88
32020.22,34536.29,29891.13,34039.05
34043.91,37050.83,33348.27,36859.26
36859.26,40425,36129.05,39505.56
39510.59,42000,36565.08,40667.07
40642.15,41422.77,38765.2,40257.43
40239.06,41470.21,34322.07,38177.58
38164.88,38297.56,30100,35487.44
35434.26,36651.34,32178.29,34038.98
34035.53,37888,32309.04,37390.1
37393.67,40127.66,36676.6,39125.14
39123.05,39700,34298.93,36754.67
36754.6,37949.71,35342.2,36018.64
36004.8,36873.9,33833.55,35820
35820.01,37469.21,34736.46,36624.23
36624.23,37934.2,35888,35917.28
35910.2,36440.1,33374,35503.09
35500,35637.86,30000,30855.95
30855.9,33880,28732,32984.93
32989.1,33496.4,31350,32112.01
32098.38,33088.2,30931.21,32288.56
32293.18,34888,31908.7,32261.87
32260.52,32960.37,30816.2,32504.53
32510.82,32602.71,29150.49,30407.13
30422.6,34000,29890.49,33488.99
33487.92,38665.71,31968.27,34257.22
34266.3,34934.02,32850,34315.63
34315.63,34411.79,32193.7,33137.74
33137.75,34736.1,32320.97,33533.9
33534.39,36008.67,33431.67,35512.67
35500,37794.33,35382.45,37678.37
37688.42,38785.99,36156.45,36975
36975.8,38388.76,36582.9,38311.49
38311.7,41025.48,38221.4,39257
39257,39748.96,37371.35,38871.42
38867.1,46800,38050.97,46425.8
46453.66,48222,45000,46514.73
46493.9,47367.17,43706.86,44850
44850,48703.6,44011,47981.48
47993.6,49000,46231.16,47408.34
47408.34,48224.1,46133,47232.45
47240.75,49714.66,47038.7,48680.69
48655.4,49093.44,45710.5,47936.37
47935.66,50645,47036.02,49158.71
49185.6,52779.6,48896.19,52170.01
52170.01,52600.93,50869.61,51601.73
51596,56407.86,50500,55983.56
55983.57,57563.57,53961.9,55923.52
55921.44,58481.6,55490.5,57492.91
57489.16,57608.08,45002,54142.13
54125.67,54206.22,44845.72,48899.99
48899.99,51459.51,47000,49737.82
49737.81,52107.83,46700,47061.5
47063.9,48476.62,44120.3,46326.2
46324.15,48380.14,45022.9,46180.75
46169.92,46706.2,43016,45231.75
45231.74,49850,45020.25,49639.4
49635.3,50290.97,47050.2,48511.6
48502.18,52737.2,48160,50360
50370.33,51820.4,47500,48330
48370.97,49539.3,46219.32,48769.47
48766.01,49300,47077,48909.84
48909.84,51480,48905.9,50978.61
50976.22,52433.96,49300.01,52415.23
52413.17,54939.26,51845.01,54916.38
54921.61,57402.89,53010,55890.69
55888.7,58155.99,54269,57815.47
57807,58098.5,55011,57234
57220.84,61788.45,56073.2,61174.9
61181.38,61700,58950,58972.7
58972.71,60601.07,54555,55634.81
55629.08,56971.37,52500,56891.1
56924.26,59030.35,53752,58925.54
58925.54,60100,56996.15,57644.95
57644.95,59461.99,56239.55,58039.66
58026.91,59957,57545.2,58116.7
58126.34,58835.6,55500,57391
57377.29,58461.78,53715,54110.07
54111.49,55903.62,52933.03,54361.57
54333.27,57245,51638.76,52276.16
52259.69,53271.59,50305,51325.01
51320.76,55125.13,51239.1,55072.44
55080.9,56686.15,53948.35,55856.53
55856.54,56587.08,54677.51,55778.82
55781.22,58619.7,54889.09,57613.48
57613.76,59397.48,57000,58786.46
58781.1,59816.17,56713.45,58800
58800.01,59490,57917.1,58726.48
58726.47,60103.04,58441.88,58981.04
58981.04,59867.1,56922,57064.42
57094.34,58501,56466.25,58215.94
58216.73,59280,56800,59120
59134.07,59475,57216,58019.98
58024.9,58675.79,55400,55955.75
55962.67,58166.23,55680.4,58083.1
58066.18,58890.4,57538.3,58092.68
58092.68,61222.22,57870,59778.6
59778.59,60680,59165.15,59985.26
59983.66,61234.56,59361.11,59839.82
59836.88,63882.5,59768.5,63587.2
63581,64927.499,61277.91,62971.8
62971.8,63855.37,61998.9,63229.04
63229.04,63604.34,60030,61427.27
61436.23,62636.4,59674,60085.2
60048.82,60443.42,49750,56266.5
56273.65,57633,54187.85,55696.83
55696.83,57145.34,53388.3,56499.29
56505.03,56850,53599.41,53806.24
53795.62,55499.99,50399,51683.95
51709.3,52147.52,47231,51187.1
51177.77,51221.46,48713.34,50089.15
50101.42,50608.94,47000,49121
49121,54419.57,48799.01,54053.6
54060.47,55542.39,53320,55069.62
55077.4,56500,53811.49,54894.03
54889.81,55246.3,52359.001,53580
53580,58075.01,53068.43,57798.77
57798.77,58562.5,57049.63,57859.28
57859.28,57998.44,56064.51,56625.2
56625.21,59004,56500,57212.73
57193.4,57268,53057.7,53241.92
53241.91,57999.8,52913.02,57508.18
57515.7,58465.93,55267,56440.66
56444.82,58750,55288.11,57380.39
57380.39,59583.5,56977.5,58958.05
58951.5,59318.35,56251.5,58317
58313.84,59619,53434.31,55866.41
55866.38,56972.33,54490,56753.19
56753.19,58054,48350,49451
49502.7,52500,45000,49690.11
49711.64,51609,48875.69,49893.48
49893.48,50827.3,46448.53,46775.51
46771.01,49828.8,43700,46450.79
46450.78,46648.5,42080,43580.5
43571.89,45872.05,42023.69,42877.75
42865.05,43616.5,28322.5,36742.3
36735.44,43000,34924.5,40623.33
40623.24,42327,33476.5,37335.16
37333.09,38889.76,35247,37476.83
37476.84,38319.36,31078.7,34718.8
34758.88,39989.9,34407.17,38878.56
38874.53,40000,36481.26,38361.81
38361.81,40934.5,37828.7,39293.23
39293.23,40440.95,37117.09,38579
38556.88,38905.12,34688,35680.47
35680.48,37349,33639,34627.82
34627.81,36521,33333,35669.44
35669.44,37540.96,34183,37279.31
37276.23,37934.3,35660.031,36685
36684.99,38256.4,35920,37577.91
37581.83,39490,37154.13,39248.55
39248.54,39291.24,35576.67,36856.52
36856.53,37935.8,34820,35534.6
35539.97,36510.58,35230.5,35800.48
35800.48,36812.5,33316,33575.91
33567.26,34085.61,30994.25,33402.13
33402.13,37573.99,32408.53,37414
37404.75,38482,35800,36694.05
36694.91,37711.865,35944,37338.44
37340.08,37461.47,34630,35557.33
35557.32,39409.4,34780.57,39034.6
39015.24,41076.03,38734.1,40539.47
40537.93,41380.02,39461.1,40162.37
40158.06,40510.5,38059.01,38351
38351,39600.5,37350,38095.17
38103.94,38216.22,35126,35841.81
35840.96,36464.63,34718.21,35484.79
35484.8,36139.73,33333.01,35585.78
35585.79,35763.8,31238.69,31609.82
31609.82,33352,28600,32538.37
32538.9,35000,31670.89,33688.35
33688.51,35311.2,32300,34654.58
34654.87,35517.22,31271.02,31594.63
31577.3,32741.5,30082.79,32275.19
32275.9,34772.94,31983.883,34675.3
34708.53,35357.13,33864.99,34493.22
34493.22,36675,34233.35,35904.28
35906.17,36101.5,34033,35060
35060,35137.79,32700.88,33516.11
33510.93,34000,32698.5,33805.02
33805.01,34959.72,33310,34688.3
34685.03,35985.71,34381.1,35284.05
35284.06,35305.1,33080.3,33697.78
33697.78,35133.231,33300,34225.73
34225.72,35098.28,33770.01,33885.1
33879.5,33953.5,32100.5,32882.2
32875.95,34137.04,32255.24,33824.26
33824.25,34285,32968.2,33515.35
33515.35,34663.5,33331,34246.9
34246.9,34720,32658.751,33105
33077.43,33346,32190,32734.14
32734.14,33125.55,31555.6,32821.17
32815.75,33198,31064.77,31868.68
31872.49,32264.53,31012.93,31388.06
31389.57,31960.5,31162.7,31533.91
31533.9,32450,31100,31788.25
31786.37,31905.5,30400,30842.03
30842.04,31068.62,29278,29796.16
29796.15,32950,29499,32147.5
32152.68,32611.84,31703.15,32287.74
32287.75,33684.17,31993.5,33647.26
33647.27,34534.32,33419.31,34301.78
34291.67,35451.04,33869.9,35428.26
35428.25,40593.93,35251.54,37262.77
37262.76,39579,36386.19,39470.48
39475.99,40944.5,38786.125,40035.1
40035.1,40665,39229.47,40000
40039.44,42335.5,38304,42237.95
42233.66,42460,41007.51,41488.5
41499,42642.5,39392,39865.41
39859.18,40464.5,38660.01,39152.3
39149.59,39792.83,37558.09,38191.44
38189.4,39973.94,37425,39722.41
39718.9,41447.89,37276.805,40888.74
40888.73,43401.9,39834,42869.58
42869.59,44763.14,42251,44637.34
44628.11,45386.81,43131.97,43845.6
43829.15,46529.02,42784,46279.23
46280,46759,44642.21,45596.74
45601.82,46788,45350.74,45539.85
45570,46236.7,43714.36,44422.14
44422.15,47953.9,44242,47833.64
47833.64,48240.5,46000,47109.65
47109.64,47440.5,45497.5,47014.49
47014.38,48076.52,45654.14,45902.46
45903.22,47185.5,44401.2,44671.58
44675.34,46041.62,44216.47,44707.98
44709.1,47114.99,43935.54,46765.87
46769.02,49436.1,46642,49342.4
49349.99,49835,48237.5,48867.02
48870.21,49567.1,48058.1,49284.63
49284.38,50562.11,49010,49506.5
49504.53,49893.5,47593.66,47682.45
47682.45,49277,47100,48987.33
48991.57,49387.6,46284.8,46848.9
46851.47,49197.64,46361.01,49077.57
49081.08,49325,48244.88,48942.94
48942.89,49685,47768.5,48802.58
48802.58,48916.5,46828,46993.71
46996.8,48274.5,46698.5,47112.5
47110.33,49141.907,46515.5,48839.86
48834.27,50408.447,48615,49279.37
49279.38,51094,48333,50018.6
50025,50570.94,49363.6,49942.98
49944.89,51921,49483.721,51789.17
51768,52813.5,51003.37,52698.81
52698.8,52959,41693.5,46894.5
46894.49,47393,44419.5,46060.36
46059.94,47420,45498.7,46400
46396.26,47040.76,44125,44851.45
44850.37,46001.33,44724.5,45171.83
45173.66,46504.62,44751.5,46024.23
46027.8,46900.5,43367,44947.72
44953.23,47274.92,44648.5,47127.22
47127.81,48481,46702.26,48148.12
48144.03,48515.246,47020.82,47753.16
47753.15,48185.9,46712.14,47303.5
47306.87,48841,47039.5,48314.56
48309.86,48437.21,46832.5,47255.92
47253.71,47358.92,42453,43012.97
43007.69,43655.53,39548.67,40719.6
40736.81,44064,40558,43589.53
43575.19,45015,43096.73,44897.59
44896.55,45200,40671.207,42848.92
42848.44,43021.7,41663,42705.51
42705.51,43957.55,40789.5,43178.02
43172.17,44377.7,42111,42171.76
42166.31,42790.5,40875.6,41026.07
41030.19,42638.99,40750,41522.16
41519.11,44123.5,41409.67,43824.43
43828.89,48500,43276.5,48165.76
48165.76,48392.999,47451,47657.69
47663.74,49300,47119.87,48233.99
48233.99,49530.53,46895.8,49245.54
49244.13,51929.5,49057.18,51493.99
51499.77,55800,50366.4,55339.48
55346.95,55374.5,53289.57,53797.82
53816.16,56194.3,53623.02,53963.82
53965.18,55515.1,53674.69,54962.29
54963.29,56617,51000,54690.53
54689.61,58000,54411.54,57487.44
57490.38,57722,53657,56005.1
56005.1,57839,54223,57367.32
57367.32,58580.4,56776.5,57359.51
57359.51,62944.94,56855.5,61695.39
61690.32,62419,60100.27,60876.5
60867.05,61744.17,58900.2,61527.11
61530.07,62709.5,59013,62042.41
62042.4,64547.5,61298,64303.14
64303.14,67029.999,63506,66014
66021.26,66683,54100,62204.02
62204.01,63773,59952,60687.64
60682.88,61754.5,59610.4,61296.9
61300.02,61497.33,59492.5,60854.48
60847.91,63738,60624.49,63083.54
63081.96,63299.3,59824.2,60337.62
60333.19,61500,57986.02,58455.47
58462.73,62531,56425,60591.65
60591.63,62988.5,60154.53,62276.72
62287.95,62393,60660.02,61892.41
61896.38,62487.97,59973,61343.68
61346.17,62509.5,59400,60949.54
60956.4,64327,60653,63266.51
63266.5,63568.36,59994,62935.41
62935.4,63136.82,60644.2,61444.5
61444.49,62666.52,60769.17,61006.15
61006.14,61614,60109.91,61539.31
61542.43,63346,61388,63300
63300,67832.5,63300,67554.84
67554.13,68568.85,66250,66944.66
66938.76,69060,62700.1,64912.2
64912.2,65625.44,64108.2,64807.59
64807.73,65508,62294.84,64147.9
64144.42,64990,63394.17,64400.01
64394.5,65534.5,63594.5,65505.02
65505.03,66387.4,63348.91,63606.09
63621.05,63628,58563,60107.98
60101.56,60888.5,58380,60351.51
60351.51,60987,56485,56898
56898.46,58412.12,55625,58122.16
58122.15,59900,57423.35,59760.76
59760.76,60090.55,58509.69,58671.21
58671.22,59581.52,55628.57,56280.81
56280.81,57898.5,55128.6,57566.85
57562.65,57758.5,55875.01,57162.66
57158.58,59462.5,57035,58990.14
58994.72,59220,53507.015,53757.67
53757.67,55382,53642.58,54759.05
54759.04,57490,53300,57317.17
57318.51,58931.07,56730,57838.06
57838.06,59250,55910.33,56987.97
56998.35,59118.84,56465.75,57226.5
57226.51,57423.69,55837.5,56521.46
56521.45,57688.9,51409,53638.04
53633.02,53893.4,40150.1,49241.12
49235.26,49796.5,47825.5,49484.22
49484.21,51105,47111,50491.5
50529.56,51995,50062.13,50650.1
50625.24,51269.82,48579.3,50519.68
50520.94,50844.86,47298.4,47568.43
47568.43,50148.49,46855,47170.94
47170.94,49539.4,46759.2,49407.75
49424.47,50828.13,48665.43,50089.64
50089.64,50226.2,45618.84,46727.89
46727.89,48701,46282,48367.43
48359.23,49521.896,46530,48884.78
48878.83,49466.29,47506.21,47634.22
47634.2,48194.13,45453,46166.5
46159.87,47370.14,45501,46859.46
46857.49,48351.92,46420,46687.19
46687.2,47549.8,45565.5,46926.07
46926.07,49353.49,46645.05,48914.7
48914.7,49601,48449.87,48608.62
48608.61,51397.82,48032.16,50842.2
50842.06,51921.5,50440,50851.38
50852.31,51179.36,50142,50428.31
50428.31,51298.5,49427.9,50801.79
50804.33,52130,50470,50717.77
50720.35,50720.35,47300,47548.1
47542.2,48160,46078.327,46471.24
46471.24,47949.3,45926,47122.08
47122.09,48604.75,45530.3,46211.24
